Pref,YearMonth,Y,Y_severe,Y_mild,Z_mild_1,Z_mild_2,Z_mild_3,Z_severe_1,Z_severe_2,Z_severe_3,pop
5101,2009/1/1,35,0,35,0,0,0,0,0,0,13735535
5101,2009/2/1,49,0,49,0,0,0,0,0,0,13735535
5101,2009/3/1,337,0,337,0,1,1,0,0,0,13735535
5101,2009/4/1,1133,0,1133,0,7,1,0,0,0,13735535
5101,2009/5/1,1016,2,1014,0,4,6,0,1,1,13735535
5101,2009/6/1,940,0,940,0,6,2,0,0,0,13735535
5101,2009/7/1,870,2,868,0,0,2,0,1,0,13735535
5101,2009/8/1,449,0,449,0,2,0,0,0,0,13735535
5101,2009/9/1,604,2,602,0,0,0,0,2,0,13735535
5101,2009/10/1,930,0,930,1,1,0,0,0,0,13735535
5101,2009/11/1,1523,1,1522,4,0,0,0,1,0,13735535
5101,2009/12/1,1242,2,1240,4,1,2,0,0,0,13735535
5101,2010/1/1,1375,0,1375,0,0,0,0,0,0,14047040
5101,2010/2/1,508,1,507,6,4,0,0,0,1,14047040
5101,2010/3/1,2160,0,2160,28,5,1,0,0,0,14047040
5101,2010/4/1,5698,13,5685,28,8,3,2,8,2,14047040
5101,2010/5/1,4302,7,4295,10,6,4,0,2,2,14047040
5101,2010/6/1,2069,11,2058,6,10,3,0,3,4,14047040
5101,2010/7/1,1469,14,1455,3,7,2,0,4,4,14047040
5101,2010/8/1,501,6,495,5,5,2,0,4,0,14047040
5101,2010/9/1,416,9,407,2,3,2,1,2,1,14047040
5101,2010/10/1,364,6,358,0,4,1,0,3,2,14047040
5101,2010/11/1,577,4,573,1,4,3,0,3,0,14047040
5101,2010/12/1,596,7,589,0,0,1,0,3,3,14047040
5101,2011/1/1,274,1,273,0,0,0,0,1,0,14276993
5101,2011/2/1,106,0,106,0,0,0,0,0,0,14276993
5101,2011/3/1,582,10,572,0,14,3,0,4,2,14276993
5101,2011/4/1,1588,27,1561,1,30,4,0,18,0,14276993
5101,2011/5/1,2695,31,2664,11,85,10,0,25,3,14276993
5101,2011/6/1,3118,56,3062,1,55,8,0,30,4,14276993
5101,2011/7/1,1981,59,1922,3,63,12,0,32,5,14276993
5101,2011/8/1,863,19,844,4,18,1,0,11,0,14276993
5101,2011/9/1,814,22,792,10,21,6,1,15,0,14276993
5101,2011/10/1,1411,20,1391,29,20,10,1,8,4,14276993
5101,2011/11/1,3252,26,3226,35,16,4,2,11,1,14276993
5101,2011/12/1,2590,14,2576,18,10,0,1,4,0,14276993
5101,2012/1/1,820,5,815,8,2,0,3,0,0,14435054
5101,2012/2/1,931,8,923,22,4,1,0,3,0,14435054
5101,2012/3/1,2193,9,2184,55,2,7,3,0,2,14435054
5101,2012/4/1,3206,19,3187,46,5,17,6,5,1,14435054
5101,2012/5/1,4052,34,4018,72,2,22,8,5,6,14435054
5101,2012/6/1,3407,24,3383,43,10,14,7,1,6,14435054
5101,2012/7/1,1972,24,1948,28,5,33,3,3,5,14435054
5101,2012/8/1,1066,4,1062,16,5,50,0,3,0,14435054
5101,2012/9/1,1106,6,1100,14,0,37,1,2,0,14435054
5101,2012/10/1,1787,8,1779,11,4,63,0,2,5,14435054
5101,2012/11/1,1799,8,1791,6,4,22,0,2,1,14435054
5101,2012/12/1,1135,5,1130,1,8,17,0,2,1,14435054
5101,2013/1/1,530,6,524,0,5,7,0,1,0,14539172
5101,2013/2/1,208,1,207,0,3,3,0,1,0,14539172
5101,2013/3/1,651,12,639,2,12,10,0,4,2,14539172
5101,2013/4/1,1634,39,1595,4,70,21,0,23,5,14539172
5101,2013/5/1,2385,80,2305,3,71,38,1,31,15,14539172
5101,2013/6/1,2627,95,2532,4,52,33,0,24,18,14539172
5101,2013/7/1,2236,124,2112,5,41,54,0,28,23,14539172
5101,2013/8/1,1282,45,1237,4,14,27,0,10,7,14539172
5101,2013/9/1,1777,37,1740,2,9,73,0,8,13,14539172
5101,2013/10/1,2871,30,2841,3,8,93,1,1,13,14539172
5101,2013/11/1,3917,40,3877,4,10,124,1,9,12,14539172
5101,2013/12/1,2124,18,2106,1,4,44,1,2,3,14539172
5101,2014/1/1,1099,14,1085,2,6,23,1,2,6,14607324
5101,2014/2/1,823,12,811,8,3,10,1,5,2,14607324
5101,2014/3/1,4003,25,3978,25,19,37,0,6,6,14607324
5101,2014/4/1,6396,76,6320,55,18,94,7,12,29,14607324
5101,2014/5/1,3827,55,3772,63,28,56,4,20,17,14607324
5101,2014/6/1,3606,70,3536,72,25,59,8,23,18,14607324
5101,2014/7/1,3444,43,3401,21,15,49,4,5,18,14607324
5101,2014/8/1,1583,40,1543,25,6,24,5,2,13,14607324
5101,2014/9/1,2713,29,2684,30,3,47,0,1,9,14607324
5101,2014/10/1,4730,39,4691,35,16,73,2,4,15,14607324
5101,2014/11/1,5097,28,5069,15,6,57,3,4,7,14607324
5101,2014/12/1,3090,10,3080,15,5,34,0,1,3,14607324
5101,2015/1/1,1719,6,1713,13,4,31,0,1,5,14657485
5101,2015/2/1,752,3,749,1,2,17,0,2,0,14657485
5101,2015/3/1,1158,10,1148,8,10,34,0,3,3,14657485
5101,2015/4/1,3206,39,3167,35,21,95,1,10,10,14657485
5101,2015/5/1,3100,45,3055,23,31,99,0,15,15,14657485
5101,2015/6/1,3048,64,2984,16,25,102,0,19,23,14657485
5101,2015/7/1,2824,31,2793,16,11,125,1,6,8,14657485
5101,2015/8/1,971,8,963,3,2,32,0,2,1,14657485
5101,2015/9/1,1194,6,1188,0,5,60,0,3,3,14657485
5101,2015/10/1,2420,15,2405,8,11,124,1,7,3,14657485
5101,2015/11/1,4113,13,4100,9,12,104,0,1,5,14657485
5101,2015/12/1,4373,14,4359,7,10,96,0,7,5,14657485
5103,2009/1/1,2,0,2,0,0,0,0,0,0,2678108
5103,2009/2/1,1,0,1,0,0,0,0,0,0,2678108
5103,2009/3/1,5,0,5,0,0,0,0,0,0,2678108
5103,2009/4/1,21,0,21,0,3,0,0,0,0,2678108
5103,2009/5/1,14,0,14,0,0,0,0,0,0,2678108
5103,2009/6/1,24,0,24,0,0,0,0,0,0,2678108
5103,2009/7/1,15,0,15,0,0,0,0,0,0,2678108
5103,2009/8/1,8,0,8,0,0,0,0,0,0,2678108
5103,2009/9/1,15,0,15,0,0,0,0,0,0,2678108
5103,2009/10/1,25,0,25,0,0,0,0,0,0,2678108
5103,2009/11/1,97,0,97,0,0,0,0,0,0,2678108
5103,2009/12/1,79,0,79,0,0,0,0,0,0,2678108
5103,2010/1/1,85,0,85,0,0,0,0,0,0,2678986
5103,2010/2/1,46,0,46,0,0,0,0,0,0,2678986
5103,2010/3/1,80,0,80,0,0,0,0,0,0,2678986
5103,2010/4/1,208,0,208,14,2,3,0,0,0,2678986
5103,2010/5/1,218,0,218,5,0,0,0,0,0,2678986
5103,2010/6/1,158,0,158,0,1,0,0,0,0,2678986
5103,2010/7/1,102,0,102,0,1,0,0,0,0,2678986
5103,2010/8/1,23,0,23,0,0,0,0,0,0,2678986
5103,2010/9/1,46,1,45,0,0,0,0,1,0,2678986
5103,2010/10/1,25,0,25,0,0,0,0,0,0,2678986
5103,2010/11/1,18,0,18,0,0,0,0,0,0,2678986
5103,2010/12/1,18,0,18,0,0,0,0,0,0,2678986
5103,2011/1/1,18,0,18,0,0,0,0,0,0,2687637
5103,2011/2/1,9,0,9,0,0,0,0,0,0,2687637
5103,2011/3/1,26,0,26,0,0,1,0,0,0,2687637
5103,2011/4/1,56,0,56,5,0,0,0,0,0,2687637
5103,2011/5/1,79,1,78,3,1,0,0,0,0,2687637
5103,2011/6/1,93,0,93,0,2,0,0,0,0,2687637
5103,2011/7/1,105,0,105,0,1,0,0,0,0,2687637
5103,2011/8/1,34,0,34,0,0,0,0,0,0,2687637
5103,2011/9/1,35,0,35,0,0,0,0,0,0,2687637
5103,2011/10/1,86,0,86,0,0,1,0,0,0,2687637
5103,2011/11/1,183,1,182,8,3,1,0,0,0,2687637
5103,2011/12/1,148,0,148,2,2,0,0,0,0,2687637
5103,2012/1/1,52,0,52,1,0,0,0,0,0,2702680
5103,2012/2/1,40,0,40,0,0,0,0,0,0,2702680
5103,2012/3/1,73,0,73,3,1,4,0,0,0,2702680
5103,2012/4/1,119,1,118,11,1,1,0,1,0,2702680
5103,2012/5/1,236,0,236,20,0,1,0,0,0,2702680
5103,2012/6/1,124,0,124,1,0,0,0,0,0,2702680
5103,2012/7/1,50,0,50,0,0,0,0,0,0,2702680
5103,2012/8/1,37,0,37,0,0,1,0,0,0,2702680
5103,2012/9/1,24,0,24,0,0,0,0,0,0,2702680
5103,2012/10/1,58,0,58,0,0,0,0,0,0,2702680
5103,2012/11/1,24,0,24,0,0,0,0,0,0,2702680
5103,2012/12/1,29,0,29,0,0,0,0,0,0,2702680
5103,2013/1/1,14,0,14,0,0,0,0,0,0,2722519
5103,2013/2/1,6,0,6,0,0,0,0,0,0,2722519
5103,2013/3/1,17,0,17,0,0,0,0,0,0,2722519
5103,2013/4/1,52,0,52,1,0,0,0,0,0,2722519
5103,2013/5/1,161,0,161,0,3,0,0,0,0,2722519
5103,2013/6/1,252,1,251,1,6,4,0,1,0,2722519
5103,2013/7/1,219,3,216,0,1,1,0,2,0,2722519
5103,2013/8/1,80,0,80,0,1,0,0,0,0,2722519
5103,2013/9/1,145,0,145,0,4,2,0,0,0,2722519
5103,2013/10/1,124,0,124,0,3,1,0,0,0,2722519
5103,2013/11/1,96,0,96,0,0,0,0,0,0,2722519
5103,2013/12/1,63,0,63,0,0,0,0,0,0,2722519
5103,2014/1/1,42,0,42,0,0,0,0,0,0,2745554
5103,2014/2/1,43,0,43,0,0,0,0,0,0,2745554
5103,2014/3/1,113,0,113,0,0,5,0,0,0,2745554
5103,2014/4/1,152,0,152,2,1,2,0,0,0,2745554
5103,2014/5/1,124,0,124,0,0,3,0,0,0,2745554
5103,2014/6/1,188,0,188,0,1,2,0,0,0,2745554
5103,2014/7/1,160,0,160,2,0,1,0,0,0,2745554
5103,2014/8/1,58,0,58,0,0,1,0,0,0,2745554
5103,2014/9/1,101,0,101,0,0,0,0,0,0,2745554
5103,2014/10/1,289,0,289,7,1,2,0,0,0,2745554
5103,2014/11/1,281,0,281,0,2,2,0,0,0,2745554
5103,2014/12/1,180,1,179,0,1,1,0,1,0,2745554
5103,2015/1/1,74,0,74,0,0,0,0,0,0,2770189
5103,2015/2/1,40,0,40,0,0,0,0,0,0,2770189
5103,2015/3/1,74,0,74,0,0,1,0,0,0,2770189
5103,2015/4/1,152,0,152,0,1,3,0,0,0,2770189
5103,2015/5/1,143,0,143,0,4,3,0,0,0,2770189
5103,2015/6/1,142,0,142,4,2,2,0,0,0,2770189
5103,2015/7/1,108,0,108,1,2,8,0,0,0,2770189
5103,2015/8/1,31,0,31,0,0,5,0,0,0,2770189
5103,2015/9/1,57,0,57,1,1,22,0,0,0,2770189
5103,2015/10/1,91,0,91,1,0,26,0,0,0,2770189
5103,2015/11/1,118,0,118,1,0,40,0,0,0,2770189
5103,2015/12/1,110,0,110,3,1,11,0,0,0,2770189
5104,2009/1/1,20,0,20,0,0,0,0,0,0,1206611
5104,2009/2/1,7,0,7,0,0,0,0,0,0,1206611
5104,2009/3/1,25,0,25,0,0,0,0,0,0,1206611
5104,2009/4/1,118,0,118,0,0,0,0,0,0,1206611
5104,2009/5/1,115,0,115,0,0,0,0,0,0,1206611
5104,2009/6/1,84,0,84,0,0,0,0,0,0,1206611
5104,2009/7/1,98,0,98,0,0,0,0,0,0,1206611
5104,2009/8/1,50,0,50,0,0,0,0,0,0,1206611
5104,2009/9/1,14,0,14,0,0,0,0,0,0,1206611
5104,2009/10/1,16,0,16,0,0,0,0,0,0,1206611
5104,2009/11/1,13,0,13,0,0,0,0,0,0,1206611
5104,2009/12/1,33,0,33,0,0,0,0,0,0,1206611
5104,2010/1/1,35,0,35,0,0,0,0,0,0,1213991
5104,2010/2/1,6,0,6,0,0,0,0,0,0,1213991
5104,2010/3/1,8,0,8,0,0,0,0,0,0,1213991
5104,2010/4/1,34,0,34,0,0,0,0,0,0,1213991
5104,2010/5/1,115,0,115,5,5,0,0,0,0,1213991
5104,2010/6/1,265,0,265,10,2,1,0,0,0,1213991
5104,2010/7/1,343,0,343,7,2,1,0,0,0,1213991
5104,2010/8/1,71,0,71,3,0,0,0,0,0,1213991
5104,2010/9/1,76,0,76,6,0,0,0,0,0,1213991
5104,2010/10/1,58,0,58,0,0,0,0,0,0,1213991
5104,2010/11/1,65,0,65,0,0,0,0,0,0,1213991
5104,2010/12/1,49,0,49,0,0,0,0,0,0,1213991
5104,2011/1/1,52,0,52,0,0,0,0,0,0,1219746
5104,2011/2/1,13,0,13,0,0,0,0,0,0,1219746
5104,2011/3/1,11,0,11,0,0,0,0,0,0,1219746
5104,2011/4/1,16,0,16,0,0,0,0,0,0,1219746
5104,2011/5/1,18,0,18,0,0,0,0,0,0,1219746
5104,2011/6/1,38,0,38,0,2,0,0,0,0,1219746
5104,2011/7/1,55,0,55,3,4,0,0,0,0,1219746
5104,2011/8/1,31,0,31,3,0,0,0,0,0,1219746
5104,2011/9/1,23,0,23,2,0,0,0,0,0,1219746
5104,2011/10/1,14,0,14,1,2,1,0,0,0,1219746
5104,2011/11/1,29,0,29,2,1,1,0,0,0,1219746
5104,2011/12/1,38,0,38,1,2,0,0,0,0,1219746
5104,2012/1/1,13,0,13,0,0,0,0,0,0,1224133
5104,2012/2/1,14,0,14,2,3,0,0,0,0,1224133
5104,2012/3/1,9,0,9,1,3,1,0,0,0,1224133
5104,2012/4/1,55,0,55,4,13,0,0,0,0,1224133
5104,2012/5/1,175,2,173,20,21,7,0,2,0,1224133
5104,2012/6/1,224,1,223,5,10,8,0,1,0,1224133
5104,2012/7/1,122,1,121,1,1,0,0,1,0,1224133
5104,2012/8/1,94,0,94,0,0,0,0,0,0,1224133
5104,2012/9/1,66,0,66,0,0,0,0,0,0,1224133
5104,2012/10/1,56,0,56,0,0,0,0,0,0,1224133
5104,2012/11/1,70,0,70,0,0,0,0,0,0,1224133
5104,2012/12/1,49,0,49,0,0,0,0,0,0,1224133
5104,2013/1/1,26,0,26,0,0,0,0,0,0,1227493
5104,2013/2/1,8,0,8,0,1,0,0,0,0,1227493
5104,2013/3/1,33,0,33,3,5,4,0,0,0,1227493
5104,2013/4/1,70,0,70,4,5,10,0,0,0,1227493
5104,2013/5/1,163,0,163,2,2,7,0,0,0,1227493
5104,2013/6/1,222,0,222,3,5,12,0,0,0,1227493
5104,2013/7/1,145,1,144,0,7,6,0,0,0,1227493
5104,2013/8/1,45,0,45,0,1,1,0,0,0,1227493
5104,2013/9/1,25,0,25,1,2,0,0,0,0,1227493
5104,2013/10/1,13,0,13,0,1,0,0,0,0,1227493
5104,2013/11/1,34,0,34,0,6,0,0,0,0,1227493
5104,2013/12/1,105,5,100,0,11,4,0,3,1,1227493
5104,2014/1/1,55,3,52,0,3,3,0,3,0,1230168
5104,2014/2/1,33,0,33,0,7,1,0,0,0,1230168
5104,2014/3/1,101,1,100,0,6,4,0,0,1,1230168
5104,2014/4/1,138,7,131,2,12,2,0,3,1,1230168
5104,2014/5/1,239,18,221,3,4,7,0,11,4,1230168
5104,2014/6/1,331,15,316,0,18,4,0,4,3,1230168
5104,2014/7/1,225,6,219,4,1,5,0,2,1,1230168
5104,2014/8/1,51,2,49,0,1,4,0,1,0,1230168
5104,2014/9/1,55,0,55,0,0,1,0,0,0,1230168
5104,2014/10/1,49,1,48,4,0,1,0,0,0,1230168
5104,2014/11/1,47,0,47,3,0,0,0,0,0,1230168
5104,2014/12/1,136,0,136,0,0,1,0,0,0,1230168
5104,2015/1/1,127,0,127,8,1,4,0,0,0,1232501
5104,2015/2/1,60,0,60,5,1,4,0,0,0,1232501
5104,2015/3/1,71,0,71,8,1,6,0,0,0,1232501
5104,2015/4/1,99,1,98,12,0,7,0,1,0,1232501
5104,2015/5/1,149,0,149,16,2,5,0,0,0,1232501
5104,2015/6/1,158,3,155,15,3,2,1,1,1,1232501
5104,2015/7/1,125,2,123,8,2,1,1,1,0,1232501
5104,2015/8/1,126,0,126,4,3,1,0,0,0,1232501
5104,2015/9/1,143,0,143,2,0,8,0,0,0,1232501
5104,2015/10/1,78,0,78,2,0,7,0,0,0,1232501
5104,2015/11/1,67,0,67,0,0,4,0,0,0,1232501
5104,2015/12/1,89,0,89,0,0,4,0,0,0,1232501
5105,2009/1/1,0,0,0,0,0,0,0,0,0,4220412
5105,2009/2/1,0,0,0,0,0,0,0,0,0,4220412
5105,2009/3/1,9,0,9,0,2,1,0,0,0,4220412
5105,2009/4/1,11,0,11,0,0,0,0,0,0,4220412
5105,2009/5/1,22,0,22,0,1,2,0,0,0,4220412
5105,2009/6/1,24,0,24,0,0,1,0,0,0,4220412
5105,2009/7/1,13,0,13,1,0,0,0,0,0,4220412
5105,2009/8/1,3,0,3,1,0,0,0,0,0,4220412
5105,2009/9/1,4,0,4,0,0,0,0,0,0,4220412
5105,2009/10/1,10,0,10,0,0,0,0,0,0,4220412
5105,2009/11/1,14,0,14,0,0,0,0,0,0,4220412
5105,2009/12/1,12,0,12,0,0,0,0,0,0,4220412
5105,2010/1/1,10,0,10,0,1,1,0,0,0,4218006
5105,2010/2/1,11,0,11,0,0,2,0,0,0,4218006
5105,2010/3/1,24,1,23,3,0,0,0,0,0,4218006
5105,2010/4/1,63,0,63,12,0,2,0,0,0,4218006
5105,2010/5/1,39,0,39,6,2,4,0,0,0,4218006
5105,2010/6/1,53,0,53,7,6,7,0,0,0,4218006
5105,2010/7/1,58,1,57,9,6,16,0,1,0,4218006
5105,2010/8/1,9,0,9,0,2,0,0,0,0,4218006
5105,2010/9/1,8,0,8,1,0,0,0,0,0,4218006
5105,2010/10/1,24,0,24,0,0,0,0,0,0,4218006
5105,2010/11/1,24,0,24,0,0,0,0,0,0,4218006
5105,2010/12/1,24,0,24,0,0,0,0,0,0,4218006
5105,2011/1/1,21,0,21,0,0,0,0,0,0,4222323
5105,2011/2/1,5,0,5,0,0,0,0,0,0,4222323
5105,2011/3/1,6,0,6,1,0,0,0,0,0,4222323
5105,2011/4/1,15,0,15,3,0,1,0,0,0,4222323
5105,2011/5/1,32,0,32,7,4,8,0,0,0,4222323
5105,2011/6/1,46,3,43,2,0,4,2,0,0,4222323
5105,2011/7/1,43,1,42,5,1,2,0,0,0,4222323
5105,2011/8/1,30,0,30,5,0,5,0,0,0,4222323
5105,2011/9/1,18,0,18,2,0,0,0,0,0,4222323
5105,2011/10/1,81,0,81,16,1,2,0,0,0,4222323
5105,2011/11/1,125,0,125,31,1,7,0,0,0,4222323
5105,2011/12/1,91,0,91,14,0,2,0,0,0,4222323
5105,2012/1/1,22,0,22,5,0,0,0,0,0,4232718
5105,2012/2/1,23,0,23,4,0,0,0,0,0,4232718
5105,2012/3/1,32,0,32,6,3,1,0,0,0,4232718
5105,2012/4/1,77,0,77,1,10,6,0,0,0,4232718
5105,2012/5/1,170,0,170,18,25,2,0,0,0,4232718
5105,2012/6/1,131,0,131,11,20,11,0,0,0,4232718
5105,2012/7/1,72,0,72,4,9,12,0,0,0,4232718
5105,2012/8/1,24,0,24,0,3,7,0,0,0,4232718
5105,2012/9/1,19,0,19,3,0,2,0,0,0,4232718
5105,2012/10/1,33,0,33,2,2,6,0,0,0,4232718
5105,2012/11/1,70,0,70,4,0,11,0,0,0,4232718
5105,2012/12/1,64,0,64,0,0,0,0,0,0,4232718
5105,2013/1/1,41,0,41,0,0,3,0,0,0,4247674
5105,2013/2/1,37,0,37,2,1,1,0,0,0,4247674
5105,2013/3/1,87,0,87,2,18,10,0,0,0,4247674
5105,2013/4/1,84,0,84,8,16,8,0,0,0,4247674
5105,2013/5/1,76,0,76,3,6,6,0,0,0,4247674
5105,2013/6/1,89,0,89,11,12,15,0,0,0,4247674
5105,2013/7/1,52,0,52,4,2,13,0,0,0,4247674
5105,2013/8/1,23,0,23,1,1,3,0,0,0,4247674
5105,2013/9/1,41,0,41,1,0,8,0,0,0,4247674
5105,2013/10/1,56,0,56,1,1,9,0,0,0,4247674
5105,2013/11/1,49,0,49,0,0,6,0,0,0,4247674
5105,2013/12/1,44,0,44,0,0,3,0,0,0,4247674
5105,2014/1/1,24,0,24,3,1,0,0,0,0,4265672
5105,2014/2/1,15,0,15,1,1,0,0,0,0,4265672
5105,2014/3/1,87,0,87,9,3,9,0,0,0,4265672
5105,2014/4/1,134,0,134,13,11,14,0,0,0,4265672
5105,2014/5/1,156,2,154,28,19,10,0,0,0,4265672
5105,2014/6/1,224,1,223,38,19,15,0,0,0,4265672
5105,2014/7/1,122,1,121,12,2,8,0,0,0,4265672
5105,2014/8/1,62,0,62,7,1,6,0,0,0,4265672
5105,2014/9/1,171,0,171,2,6,16,0,0,0,4265672
5105,2014/10/1,272,1,271,7,11,20,0,1,0,4265672
5105,2014/11/1,259,1,258,12,4,16,0,1,0,4265672
5105,2014/12/1,123,0,123,0,1,2,0,0,0,4265672
5105,2015/1/1,70,0,70,2,7,4,0,0,0,4285191
5105,2015/2/1,40,0,40,1,2,2,0,0,0,4285191
5105,2015/3/1,69,0,69,5,1,4,0,0,0,4285191
5105,2015/4/1,106,0,106,11,8,19,0,0,0,4285191
5105,2015/5/1,157,0,157,6,14,12,0,0,0,4285191
5105,2015/6/1,167,0,167,3,9,25,0,0,0,4285191
5105,2015/7/1,82,0,82,1,6,12,0,0,0,4285191
5105,2015/8/1,39,0,39,0,1,2,0,0,0,4285191
5105,2015/9/1,97,0,97,0,0,6,0,0,0,4285191
5105,2015/10/1,172,0,172,0,4,29,0,0,0,4285191
5105,2015/11/1,272,0,272,3,9,48,0,0,0,4285191
5105,2015/12/1,224,0,224,0,4,25,0,0,0,4285191
5106,2009/1/1,1,0,1,0,0,0,0,0,0,3635182
5106,2009/2/1,4,0,4,0,0,0,0,0,0,3635182
5106,2009/3/1,36,0,36,0,0,0,0,0,0,3635182
5106,2009/4/1,183,0,183,0,0,0,0,0,0,3635182
5106,2009/5/1,164,0,164,0,0,0,0,0,0,3635182
5106,2009/6/1,138,0,138,0,0,0,0,0,0,3635182
5106,2009/7/1,99,1,98,0,0,0,0,0,1,3635182
5106,2009/8/1,29,0,29,0,0,0,0,0,0,3635182
5106,2009/9/1,28,0,28,0,0,0,0,0,0,3635182
5106,2009/10/1,72,0,72,0,0,0,0,0,0,3635182
5106,2009/11/1,206,1,205,0,1,0,0,0,0,3635182
5106,2009/12/1,186,0,186,0,0,0,0,0,0,3635182
5106,2010/1/1,84,0,84,0,0,0,0,0,0,3616060
5106,2010/2/1,57,0,57,0,0,0,0,0,0,3616060
5106,2010/3/1,169,0,169,0,0,0,0,0,0,3616060
5106,2010/4/1,641,0,641,5,1,2,0,0,0,3616060
5106,2010/5/1,626,2,624,0,0,0,0,1,0,3616060
5106,2010/6/1,257,1,256,0,0,0,0,0,0,3616060
5106,2010/7/1,233,2,231,0,0,0,0,1,0,3616060
5106,2010/8/1,78,0,78,0,0,1,0,0,0,3616060
5106,2010/9/1,38,0,38,0,0,0,0,0,0,3616060
5106,2010/10/1,14,0,14,0,0,0,0,0,0,3616060
5106,2010/11/1,81,0,81,0,0,0,0,0,0,3616060
5106,2010/12/1,32,0,32,0,0,0,0,0,0,3616060
5106,2011/1/1,21,0,21,0,0,0,0,0,0,3596298
5106,2011/2/1,8,0,8,0,0,0,0,0,0,3596298
5106,2011/3/1,34,0,34,0,0,0,0,0,0,3596298
5106,2011/4/1,166,2,164,0,19,2,0,1,0,3596298
5106,2011/5/1,193,0,193,1,11,4,0,0,0,3596298
5106,2011/6/1,247,0,247,0,36,9,0,0,0,3596298
5106,2011/7/1,146,2,144,0,15,0,0,2,0,3596298
5106,2011/8/1,60,0,60,0,3,1,0,0,0,3596298
5106,2011/9/1,107,0,107,0,5,0,0,0,0,3596298
5106,2011/10/1,197,0,197,0,0,1,0,0,0,3596298
5106,2011/11/1,215,0,215,0,2,0,0,0,0,3596298
5106,2011/12/1,216,0,216,0,0,0,0,0,0,3596298
5106,2012/1/1,76,0,76,0,0,0,0,0,0,3575997
5106,2012/2/1,83,0,83,1,0,0,0,0,0,3575997
5106,2012/3/1,363,0,363,7,0,5,0,0,0,3575997
5106,2012/4/1,460,1,459,11,3,2,0,0,0,3575997
5106,2012/5/1,369,0,369,8,3,13,0,0,0,3575997
5106,2012/6/1,275,3,272,9,3,11,0,0,1,3575997
5106,2012/7/1,121,0,121,1,0,9,0,0,0,3575997
5106,2012/8/1,55,1,54,1,1,1,0,0,0,3575997
5106,2012/9/1,63,0,63,1,0,3,0,0,0,3575997
5106,2012/10/1,120,1,119,0,6,6,0,1,0,3575997
5106,2012/11/1,80,0,80,0,2,1,0,0,0,3575997
5106,2012/12/1,38,0,38,0,0,0,0,0,0,3575997
5106,2013/1/1,20,0,20,0,1,0,0,0,0,3555292
5106,2013/2/1,20,0,20,0,0,0,0,0,0,3555292
5106,2013/3/1,47,0,47,2,0,4,0,0,0,3555292
5106,2013/4/1,126,2,124,0,3,4,0,1,0,3555292
5106,2013/5/1,218,2,216,0,15,9,0,0,1,3555292
5106,2013/6/1,204,1,203,1,15,4,0,0,0,3555292
5106,2013/7/1,179,5,174,2,7,15,0,0,1,3555292
5106,2013/8/1,87,0,87,2,3,6,0,0,0,3555292
5106,2013/9/1,150,0,150,0,4,2,0,0,0,3555292
5106,2013/10/1,431,6,425,0,18,11,0,0,2,3555292
5106,2013/11/1,515,8,507,1,31,9,0,2,3,3555292
5106,2013/12/1,387,2,385,0,2,2,0,0,0,3555292
5106,2014/1/1,170,1,169,0,1,3,0,0,0,3534317
5106,2014/2/1,97,0,97,0,0,0,0,0,0,3534317
5106,2014/3/1,317,1,316,3,8,9,0,1,0,3534317
5106,2014/4/1,472,5,467,17,7,14,0,2,1,3534317
5106,2014/5/1,511,10,501,19,21,10,1,5,3,3534317
5106,2014/6/1,514,10,504,14,8,7,0,2,3,3534317
5106,2014/7/1,385,4,381,9,2,5,0,1,0,3534317
5106,2014/8/1,155,4,151,1,0,1,0,0,2,3534317
5106,2014/9/1,380,4,376,27,0,2,0,0,2,3534317
5106,2014/10/1,1019,6,1013,45,0,4,1,1,3,3534317
5106,2014/11/1,1069,6,1063,16,1,2,2,0,0,3534317
5106,2014/12/1,462,0,462,1,0,0,0,0,0,3534317
5106,2015/1/1,206,0,206,2,0,7,0,0,0,3513208
5106,2015/2/1,86,0,86,0,0,0,0,0,0,3513208
5106,2015/3/1,186,0,186,7,0,5,0,0,0,3513208
5106,2015/4/1,330,1,329,16,7,18,0,0,1,3513208
5106,2015/5/1,304,2,302,12,8,29,1,0,0,3513208
5106,2015/6/1,180,5,175,4,11,19,0,2,1,3513208
5106,2015/7/1,128,1,127,4,7,19,0,0,0,3513208
5106,2015/8/1,45,0,45,1,3,5,0,0,0,3513208
5106,2015/9/1,38,0,38,0,1,3,0,0,0,3513208
5106,2015/10/1,206,0,206,1,8,16,0,0,0,3513208
5106,2015/11/1,507,0,507,3,4,58,0,0,0,3513208
5106,2015/12/1,551,2,549,1,0,10,0,1,1,3513208
5107,2009/1/1,28,0,28,0,0,0,0,0,0,4647304
5107,2009/2/1,13,0,13,0,0,0,0,0,0,4647304
5107,2009/3/1,91,0,91,0,4,0,0,0,0,4647304
5107,2009/4/1,371,0,371,0,0,0,0,0,0,4647304
5107,2009/5/1,276,0,276,0,1,0,0,0,0,4647304
5107,2009/6/1,198,0,198,0,0,1,0,0,0,4647304
5107,2009/7/1,87,1,86,0,0,0,0,0,0,4647304
5107,2009/8/1,19,0,19,0,0,0,0,0,0,4647304
5107,2009/9/1,15,0,15,0,0,0,0,0,0,4647304
5107,2009/10/1,66,0,66,0,0,0,0,0,0,4647304
5107,2009/11/1,154,0,154,0,0,0,0,0,0,4647304
5107,2009/12/1,251,1,250,0,0,1,0,0,0,4647304
5107,2010/1/1,386,0,386,0,0,0,0,0,0,4614101
5107,2010/2/1,128,0,128,0,0,0,0,0,0,4614101
5107,2010/3/1,272,0,272,2,0,0,0,0,0,4614101
5107,2010/4/1,714,0,714,10,0,1,0,0,0,4614101
5107,2010/5/1,485,1,484,30,2,4,0,1,0,4614101
5107,2010/6/1,187,0,187,2,1,1,0,0,0,4614101
5107,2010/7/1,84,0,84,1,0,3,0,0,0,4614101
5107,2010/8/1,22,0,22,1,0,1,0,0,0,4614101
5107,2010/9/1,26,0,26,0,0,0,0,0,0,4614101
5107,2010/10/1,32,0,32,0,0,0,0,0,0,4614101
5107,2010/11/1,38,0,38,0,0,0,0,0,0,4614101
5107,2010/12/1,61,0,61,0,0,0,0,0,0,4614101
5107,2011/1/1,33,0,33,0,0,0,0,0,0,4609001
5107,2011/2/1,15,0,15,0,0,0,0,0,0,4609001
5107,2011/3/1,37,0,37,0,0,0,0,0,0,4609001
5107,2011/4/1,327,0,327,2,6,0,0,0,0,4609001
5107,2011/5/1,616,2,614,0,31,0,0,0,0,4609001
5107,2011/6/1,679,24,655,1,30,0,0,12,0,4609001
5107,2011/7/1,401,18,383,0,30,0,0,8,0,4609001
5107,2011/8/1,113,4,109,0,2,0,0,0,0,4609001
5107,2011/9/1,126,0,126,0,0,0,0,0,0,4609001
5107,2011/10/1,220,9,211,0,0,5,1,3,0,4609001
5107,2011/11/1,299,1,298,0,1,0,0,0,1,4609001
5107,2011/12/1,190,1,189,0,0,1,0,0,0,4609001
5107,2012/1/1,58,0,58,0,0,1,0,0,0,4628334
5107,2012/2/1,68,0,68,2,0,1,0,0,0,4628334
5107,2012/3/1,204,2,202,10,0,1,1,0,0,4628334
5107,2012/4/1,407,1,406,21,0,7,0,0,0,4628334
5107,2012/5/1,551,2,549,36,3,14,1,1,0,4628334
5107,2012/6/1,593,4,589,25,2,11,1,2,1,4628334
5107,2012/7/1,310,1,309,18,6,8,0,0,0,4628334
5107,2012/8/1,102,0,102,4,2,7,0,0,0,4628334
5107,2012/9/1,152,1,151,1,1,19,0,1,0,4628334
5107,2012/10/1,291,2,289,5,3,16,0,0,2,4628334
5107,2012/11/1,276,0,276,0,0,13,0,0,0,4628334
5107,2012/12/1,165,3,162,0,0,1,0,0,0,4628334
5107,2013/1/1,100,3,97,1,1,8,0,2,0,4665997
5107,2013/2/1,40,0,40,1,1,7,0,0,0,4665997
5107,2013/3/1,90,3,87,0,4,6,0,1,0,4665997
5107,2013/4/1,204,4,200,3,8,9,0,2,2,4665997
5107,2013/5/1,233,9,224,4,9,3,0,6,2,4665997
5107,2013/6/1,480,39,441,1,42,9,0,20,7,4665997
5107,2013/7/1,370,19,351,0,17,9,0,13,1,4665997
5107,2013/8/1,136,3,133,0,4,9,0,2,0,4665997
5107,2013/9/1,192,3,189,0,3,17,0,0,2,4665997
5107,2013/10/1,368,3,365,0,5,24,0,1,0,4665997
5107,2013/11/1,669,16,653,0,15,27,0,10,3,4665997
5107,2013/12/1,569,10,559,1,8,14,0,5,0,4665997
5107,2014/1/1,242,10,232,0,4,0,0,0,0,4715881
5107,2014/2/1,138,4,134,0,0,0,0,0,0,4715881
5107,2014/3/1,799,50,749,4,19,0,0,1,0,4715881
5107,2014/4/1,1510,56,1454,7,15,2,0,0,0,4715881
5107,2014/5/1,815,23,792,1,0,0,0,0,0,4715881
5107,2014/6/1,707,22,685,3,4,0,0,0,0,4715881
5107,2014/7/1,456,12,444,8,4,1,0,0,0,4715881
5107,2014/8/1,126,0,126,1,0,2,0,0,0,4715881
5107,2014/9/1,284,0,284,1,0,1,0,0,0,4715881
5107,2014/10/1,448,2,446,8,0,4,0,0,0,4715881
5107,2014/11/1,354,2,352,5,0,1,0,0,0,4715881
5107,2014/12/1,238,1,237,1,0,0,0,0,0,4715881
5107,2015/1/1,268,0,268,0,10,0,0,0,0,4771879
5107,2015/2/1,108,0,108,0,1,1,0,0,0,4771879
5107,2015/3/1,269,6,263,3,5,11,0,0,0,4771879
5107,2015/4/1,488,6,482,18,24,15,0,2,0,4771879
5107,2015/5/1,498,9,489,30,29,14,1,5,1,4771879
5107,2015/6/1,489,3,486,26,17,14,0,1,0,4771879
5107,2015/7/1,473,2,471,12,14,10,0,2,0,4771879
5107,2015/8/1,85,0,85,4,3,0,0,0,0,4771879
5107,2015/9/1,129,0,129,2,16,2,0,0,0,4771879
5107,2015/10/1,375,2,373,3,13,9,0,0,0,4771879
5107,2015/11/1,679,1,678,13,6,91,0,0,0,4771879
5107,2015/12/1,684,0,684,5,4,173,0,0,0,4771879
5108,2009/1/1,2,0,2,0,0,0,0,0,0,2493059
5108,2009/2/1,5,0,5,0,0,0,0,0,0,2493059
5108,2009/3/1,239,0,239,0,7,0,0,0,0,2493059
5108,2009/4/1,422,0,422,0,2,0,0,0,0,2493059
5108,2009/5/1,177,0,177,0,0,0,0,0,0,2493059
5108,2009/6/1,81,1,80,0,0,0,0,0,0,2493059
5108,2009/7/1,19,0,19,0,0,0,0,0,0,2493059
5108,2009/8/1,5,0,5,0,0,0,0,0,0,2493059
5108,2009/9/1,2,0,2,0,0,0,0,0,0,2493059
5108,2009/10/1,10,0,10,0,0,0,0,0,0,2493059
5108,2009/11/1,30,1,29,0,0,0,0,0,0,2493059
5108,2009/12/1,26,0,26,0,0,1,0,0,0,2493059
5108,2010/1/1,14,0,14,0,0,0,0,0,0,2484378
5108,2010/2/1,6,0,6,0,0,0,0,0,0,2484378
5108,2010/3/1,56,0,56,3,0,1,0,0,0,2484378
5108,2010/4/1,620,0,620,20,5,5,0,0,0,2484378
5108,2010/5/1,557,0,557,5,0,1,0,0,0,2484378
5108,2010/6/1,242,0,242,2,1,0,0,0,0,2484378
5108,2010/7/1,199,0,199,0,2,0,0,0,0,2484378
5108,2010/8/1,58,0,58,0,0,2,0,0,0,2484378
5108,2010/9/1,32,0,32,0,0,0,0,0,0,2484378
5108,2010/10/1,28,0,28,0,0,0,0,0,0,2484378
5108,2010/11/1,32,0,32,0,0,0,0,0,0,2484378
5108,2010/12/1,57,0,57,0,0,0,0,0,0,2484378
5108,2011/1/1,46,0,46,0,0,0,0,0,0,2492279
5108,2011/2/1,10,0,10,0,0,0,0,0,0,2492279
5108,2011/3/1,74,1,73,0,0,0,0,0,0,2492279
5108,2011/4/1,173,1,172,0,13,1,0,1,0,2492279
5108,2011/5/1,205,2,203,0,15,1,0,1,0,2492279
5108,2011/6/1,143,0,143,0,6,0,0,0,0,2492279
5108,2011/7/1,98,7,91,0,3,4,0,3,2,2492279
5108,2011/8/1,43,2,41,1,2,1,0,1,0,2492279
5108,2011/9/1,31,0,31,0,5,1,0,0,0,2492279
5108,2011/10/1,66,0,66,2,2,1,0,0,0,2492279
5108,2011/11/1,108,0,108,1,0,4,0,0,0,2492279
5108,2011/12/1,77,0,77,0,3,4,0,0,0,2492279
5108,2012/1/1,27,0,27,0,0,0,0,0,0,2514484
5108,2012/2/1,15,0,15,0,0,0,0,0,0,2514484
5108,2012/3/1,47,0,47,4,0,0,0,0,0,2514484
5108,2012/4/1,130,1,129,4,3,0,0,1,0,2514484
5108,2012/5/1,163,1,162,20,4,6,0,1,0,2514484
5108,2012/6/1,285,0,285,31,5,24,0,0,0,2514484
5108,2012/7/1,142,0,142,1,0,15,0,0,0,2514484
5108,2012/8/1,63,0,63,1,0,1,0,0,0,2514484
5108,2012/9/1,79,0,79,0,0,2,0,0,0,2514484
5108,2012/10/1,79,0,79,3,0,1,0,0,0,2514484
5108,2012/11/1,90,0,90,6,0,5,0,0,0,2514484
5108,2012/12/1,82,1,81,0,0,8,0,1,0,2514484
5108,2013/1/1,48,0,48,1,0,3,0,0,0,2547166
5108,2013/2/1,17,0,17,0,0,2,0,0,0,2547166
5108,2013/3/1,30,0,30,1,0,8,0,0,0,2547166
5108,2013/4/1,86,1,85,6,22,3,0,1,0,2547166
5108,2013/5/1,115,4,111,4,26,23,0,1,0,2547166
5108,2013/6/1,212,0,212,5,34,38,0,0,0,2547166
5108,2013/7/1,278,0,278,1,9,65,0,0,0,2547166
5108,2013/8/1,225,0,225,0,0,89,0,0,0,2547166
5108,2013/9/1,212,0,212,0,0,10,0,0,0,2547166
5108,2013/10/1,198,0,198,0,0,2,0,0,0,2547166
5108,2013/11/1,205,0,205,1,1,0,0,0,0,2547166
5108,2013/12/1,109,0,109,0,0,0,0,0,0,2547166
5108,2014/1/1,43,0,43,0,1,0,0,0,0,2586831
5108,2014/2/1,21,0,21,0,0,0,0,0,0,2586831
5108,2014/3/1,68,0,68,3,1,3,0,0,0,2586831
5108,2014/4/1,269,0,269,8,8,4,0,0,0,2586831
5108,2014/5/1,243,0,243,1,6,3,0,0,0,2586831
5108,2014/6/1,434,0,434,8,12,4,0,0,0,2586831
5108,2014/7/1,224,1,223,7,9,3,0,0,0,2586831
5108,2014/8/1,49,0,49,7,2,1,0,0,0,2586831
5108,2014/9/1,47,0,47,2,0,0,0,0,0,2586831
5108,2014/10/1,130,0,130,16,1,6,0,0,0,2586831
5108,2014/11/1,290,0,290,24,2,10,0,0,0,2586831
5108,2014/12/1,263,0,263,0,3,0,0,0,0,2586831
5108,2015/1/1,83,0,83,2,1,6,0,0,0,2629988
5108,2015/2/1,33,0,33,0,0,3,0,0,0,2629988
5108,2015/3/1,66,0,66,3,0,10,0,0,0,2629988
5108,2015/4/1,183,0,183,8,3,21,0,0,0,2629988
5108,2015/5/1,180,1,179,9,2,14,0,1,0,2629988
5108,2015/6/1,78,0,78,2,0,7,0,0,0,2629988
5108,2015/7/1,109,0,109,2,4,7,0,0,0,2629988
5108,2015/8/1,32,0,32,0,0,4,0,0,0,2629988
5108,2015/9/1,18,0,18,0,0,2,0,0,0,2629988
5108,2015/10/1,24,0,24,0,1,4,0,0,0,2629988
5108,2015/11/1,61,0,61,0,0,1,0,0,0,2629988
5108,2015/12/1,71,0,71,0,1,4,0,0,0,2629988
5109,2009/1/1,16,0,16,0,0,0,0,0,0,3257409
5109,2009/2/1,12,0,12,0,0,0,0,0,0,3257409
5109,2009/3/1,67,0,67,0,0,0,0,0,0,3257409
5109,2009/4/1,386,0,386,0,3,0,0,0,0,3257409
5109,2009/5/1,179,0,179,0,0,0,0,0,0,3257409
5109,2009/6/1,116,0,116,0,0,0,0,0,0,3257409
5109,2009/7/1,77,0,77,0,3,0,0,0,0,3257409
5109,2009/8/1,22,1,21,0,0,0,0,1,0,3257409
5109,2009/9/1,38,0,38,0,0,0,0,0,0,3257409
5109,2009/10/1,47,0,47,0,0,0,0,0,0,3257409
5109,2009/11/1,67,0,67,0,0,0,0,0,0,3257409
5109,2009/12/1,85,0,85,0,0,0,0,0,0,3257409
5109,2010/1/1,106,0,106,0,0,0,0,0,0,3252039
5109,2010/2/1,65,0,65,0,1,0,0,0,0,3252039
5109,2010/3/1,114,0,114,0,0,0,0,0,0,3252039
5109,2010/4/1,238,0,238,0,0,0,0,0,0,3252039
5109,2010/5/1,204,1,203,1,0,0,0,1,0,3252039
5109,2010/6/1,95,0,95,2,0,1,0,0,0,3252039
5109,2010/7/1,46,0,46,0,0,1,0,0,0,3252039
5109,2010/8/1,17,0,17,0,0,0,0,0,0,3252039
5109,2010/9/1,29,0,29,0,0,0,0,0,0,3252039
5109,2010/10/1,13,0,13,0,0,0,0,0,0,3252039
5109,2010/11/1,49,0,49,0,0,0,0,0,0,3252039
5109,2010/12/1,44,0,44,0,0,0,0,0,0,3252039
5109,2011/1/1,37,0,37,0,0,0,0,0,0,3252393
5109,2011/2/1,10,0,10,0,0,0,0,0,0,3252393
5109,2011/3/1,57,0,57,0,0,0,0,0,0,3252393
5109,2011/4/1,113,0,113,0,1,0,0,0,0,3252393
5109,2011/5/1,106,0,106,0,9,0,0,0,0,3252393
5109,2011/6/1,204,3,201,0,3,2,0,3,0,3252393
5109,2011/7/1,149,4,145,0,5,2,0,1,0,3252393
5109,2011/8/1,63,1,62,0,0,2,0,0,0,3252393
5109,2011/9/1,67,0,67,2,2,1,0,0,0,3252393
5109,2011/10/1,157,0,157,0,0,0,0,0,0,3252393
5109,2011/11/1,186,2,184,0,0,0,0,0,0,3252393
5109,2011/12/1,133,0,133,0,0,0,0,0,0,3252393
5109,2012/1/1,106,0,106,1,0,0,0,0,0,3257571
5109,2012/2/1,84,0,84,3,0,0,0,0,0,3257571
5109,2012/3/1,111,1,110,1,0,1,0,0,0,3257571
5109,2012/4/1,133,0,133,0,0,0,0,0,0,3257571
5109,2012/5/1,180,0,180,0,0,0,0,0,0,3257571
5109,2012/6/1,129,1,128,1,2,0,0,0,0,3257571
5109,2012/7/1,89,0,89,1,0,1,0,0,0,3257571
5109,2012/8/1,50,1,49,0,1,1,0,1,0,3257571
5109,2012/9/1,73,0,73,0,0,1,0,0,0,3257571
5109,2012/10/1,221,0,221,1,0,1,0,0,0,3257571
5109,2012/11/1,174,0,174,0,0,0,0,0,0,3257571
5109,2012/12/1,98,0,98,0,0,0,0,0,0,3257571
5109,2013/1/1,63,0,63,0,0,0,0,0,0,3266369
5109,2013/2/1,41,1,40,0,0,1,0,0,0,3266369
5109,2013/3/1,210,2,208,0,17,2,0,0,1,3266369
5109,2013/4/1,354,4,350,0,6,2,0,1,0,3266369
5109,2013/5/1,332,1,331,2,4,1,0,1,0,3266369
5109,2013/6/1,270,0,270,0,1,0,0,0,0,3266369
5109,2013/7/1,139,3,136,0,1,0,0,1,1,3266369
5109,2013/8/1,88,1,87,0,0,0,0,0,0,3266369
5109,2013/9/1,137,1,136,0,0,1,0,0,0,3266369
5109,2013/10/1,173,1,172,0,1,1,0,0,0,3266369
5109,2013/11/1,182,1,181,0,0,5,0,0,0,3266369
5109,2013/12/1,163,1,162,0,0,0,0,0,1,3266369
5109,2014/1/1,133,0,133,1,0,0,0,0,0,3277581
5109,2014/2/1,139,0,139,0,0,0,0,0,0,3277581
5109,2014/3/1,626,2,624,3,1,5,0,0,0,3277581
5109,2014/4/1,582,1,581,6,1,4,0,0,0,3277581
5109,2014/5/1,228,1,227,2,1,1,1,0,0,3277581
5109,2014/6/1,233,0,233,1,0,3,0,0,0,3277581
5109,2014/7/1,141,0,141,1,0,2,0,0,0,3277581
5109,2014/8/1,51,0,51,2,0,2,0,0,0,3277581
5109,2014/9/1,200,2,198,3,0,4,0,1,0,3277581
5109,2014/10/1,414,2,412,0,0,2,1,0,0,3277581
5109,2014/11/1,323,2,321,1,0,1,0,0,0,3277581
5109,2014/12/1,118,0,118,0,0,1,0,0,0,3277581
5109,2015/1/1,83,0,83,0,0,0,0,0,0,3289999
5109,2015/2/1,60,0,60,0,0,2,0,0,0,3289999
5109,2015/3/1,100,0,100,0,1,3,0,0,0,3289999
5109,2015/4/1,180,3,177,0,0,0,0,1,0,3289999
5109,2015/5/1,258,5,253,0,5,1,0,2,0,3289999
5109,2015/6/1,279,0,279,1,2,3,0,0,0,3289999
5109,2015/7/1,254,2,252,4,1,6,0,0,0,3289999
5109,2015/8/1,88,0,88,0,4,1,0,0,0,3289999
5109,2015/9/1,306,1,305,0,1,3,0,1,0,3289999
5109,2015/10/1,416,0,416,0,1,4,0,0,0,3289999
5109,2015/11/1,401,0,401,1,0,0,0,0,0,3289999
5109,2015/12/1,250,0,250,0,0,2,0,0,0,3289999
5110,2009/1/1,6,0,6,0,0,0,0,0,0,3718568
5110,2009/2/1,4,0,4,0,0,0,0,0,0,3718568
5110,2009/3/1,12,0,12,0,0,0,0,0,0,3718568
5110,2009/4/1,146,1,145,1,1,1,0,0,0,3718568
5110,2009/5/1,115,0,115,3,7,0,0,0,0,3718568
5110,2009/6/1,101,0,101,1,3,0,0,0,0,3718568
5110,2009/7/1,50,0,50,1,0,0,0,0,0,3718568
5110,2009/8/1,25,0,25,0,1,0,0,0,0,3718568
5110,2009/9/1,26,0,26,0,0,0,0,0,0,3718568
5110,2009/10/1,31,0,31,0,0,0,0,0,0,3718568
5110,2009/11/1,37,0,37,0,0,0,0,0,0,3718568
5110,2009/12/1,29,0,29,0,0,0,0,0,0,3718568
5110,2010/1/1,32,0,32,0,0,0,0,0,0,3703043
5110,2010/2/1,30,0,30,0,0,0,0,0,0,3703043
5110,2010/3/1,65,0,65,0,0,0,0,0,0,3703043
5110,2010/4/1,149,0,149,1,0,1,0,0,0,3703043
5110,2010/5/1,149,0,149,4,0,2,0,0,0,3703043
5110,2010/6/1,166,0,166,9,5,1,0,0,0,3703043
5110,2010/7/1,91,0,91,1,0,0,0,0,0,3703043
5110,2010/8/1,55,4,51,1,6,0,0,3,1,3703043
5110,2010/9/1,21,0,21,0,0,0,0,0,0,3703043
5110,2010/10/1,18,0,18,0,0,0,0,0,0,3703043
5110,2010/11/1,23,0,23,0,0,0,0,0,0,3703043
5110,2010/12/1,35,0,35,0,0,0,0,0,0,3703043
5110,2011/1/1,16,0,16,1,0,0,0,0,0,3697609
5110,2011/2/1,15,0,15,0,0,0,0,0,0,3697609
5110,2011/3/1,12,0,12,0,0,0,0,0,0,3697609
5110,2011/4/1,32,0,32,10,0,1,0,0,0,3697609
5110,2011/5/1,63,1,62,3,4,1,0,0,0,3697609
5110,2011/6/1,147,7,140,5,20,1,0,6,0,3697609
5110,2011/7/1,174,5,169,1,9,0,0,5,0,3697609
5110,2011/8/1,156,3,153,2,5,0,0,1,0,3697609
5110,2011/9/1,100,1,99,0,0,0,0,1,0,3697609
5110,2011/10/1,236,4,232,1,5,1,1,3,0,3697609
5110,2011/11/1,238,3,235,6,7,0,0,1,0,3697609
5110,2011/12/1,254,5,249,3,2,0,0,2,0,3697609
5110,2012/1/1,85,0,85,4,3,4,0,0,0,3700683
5110,2012/2/1,81,0,81,11,2,3,0,0,0,3700683
5110,2012/3/1,203,0,203,16,1,14,0,0,0,3700683
5110,2012/4/1,414,4,410,14,3,11,1,0,0,3700683
5110,2012/5/1,586,1,585,9,4,6,0,0,0,3700683
5110,2012/6/1,309,0,309,2,1,13,0,0,0,3700683
5110,2012/7/1,207,0,207,1,0,4,0,0,0,3700683
5110,2012/8/1,109,0,109,2,0,11,0,0,0,3700683
5110,2012/9/1,168,0,168,1,0,10,0,0,0,3700683
5110,2012/10/1,221,0,221,0,4,8,0,0,0,3700683
5110,2012/11/1,165,0,165,0,1,5,0,0,0,3700683
5110,2012/12/1,105,0,105,0,0,1,0,0,0,3700683
5110,2013/1/1,33,0,33,0,7,11,0,0,0,3710139
5110,2013/2/1,28,0,28,2,4,5,0,0,0,3710139
5110,2013/3/1,96,0,96,1,22,44,0,0,0,3710139
5110,2013/4/1,244,1,243,1,82,69,0,1,0,3710139
5110,2013/5/1,335,1,334,4,119,82,0,1,0,3710139
5110,2013/6/1,367,3,364,8,93,58,0,2,1,3710139
5110,2013/7/1,306,0,306,1,60,50,0,0,0,3710139
5110,2013/8/1,91,1,90,0,18,16,0,1,0,3710139
5110,2013/9/1,102,0,102,4,9,31,0,0,0,3710139
5110,2013/10/1,196,0,196,9,41,47,0,0,0,3710139
5110,2013/11/1,207,0,207,2,19,60,0,0,0,3710139
5110,2013/12/1,190,2,188,6,6,58,0,1,0,3710139
5110,2014/1/1,143,0,143,1,6,51,0,0,0,3723851
5110,2014/2/1,103,0,103,8,6,25,0,0,0,3723851
5110,2014/3/1,292,1,291,42,17,108,0,1,0,3723851
5110,2014/4/1,254,1,253,57,17,60,0,1,0,3723851
5110,2014/5/1,226,0,226,53,25,47,0,0,0,3723851
5110,2014/6/1,349,1,348,90,39,60,0,1,0,3723851
5110,2014/7/1,223,2,221,54,46,42,0,2,0,3723851
5110,2014/8/1,54,0,54,10,4,12,0,0,0,3723851
5110,2014/9/1,96,0,96,15,4,22,0,0,0,3723851
5110,2014/10/1,261,0,261,35,7,57,0,0,0,3723851
5110,2014/11/1,238,0,238,45,3,48,0,0,0,3723851
5110,2014/12/1,144,0,144,22,6,28,0,0,0,3723851
5110,2015/1/1,72,0,72,4,5,7,0,0,0,3739692
5110,2015/2/1,49,0,49,0,1,3,0,0,0,3739692
5110,2015/3/1,81,0,81,4,6,18,0,0,0,3739692
5110,2015/4/1,188,0,188,11,20,41,0,0,0,3739692
5110,2015/5/1,185,0,185,6,31,42,0,0,0,3739692
5110,2015/6/1,175,1,174,5,20,70,0,0,1,3739692
5110,2015/7/1,174,2,172,8,13,71,0,1,1,3739692
5110,2015/8/1,34,0,34,1,0,12,0,0,0,3739692
5110,2015/9/1,63,0,63,2,1,34,0,0,0,3739692
5110,2015/10/1,127,0,127,6,6,44,0,0,0,3739692
5110,2015/11/1,236,0,236,12,14,70,0,0,0,3739692
5110,2015/12/1,198,0,198,18,10,59,0,0,0,3739692
5111,2009/1/1,30,0,30,0,0,0,0,0,0,3260122
5111,2009/2/1,19,0,19,0,0,0,0,0,0,3260122
5111,2009/3/1,108,0,108,0,0,0,0,0,0,3260122
5111,2009/4/1,176,0,176,0,1,0,0,0,0,3260122
5111,2009/5/1,121,0,121,0,0,0,0,0,0,3260122
5111,2009/6/1,149,0,149,0,0,0,0,0,0,3260122
5111,2009/7/1,136,0,136,0,0,0,0,0,0,3260122
5111,2009/8/1,44,0,44,0,0,0,0,0,0,3260122
5111,2009/9/1,104,0,104,0,0,0,0,0,0,3260122
5111,2009/10/1,272,0,272,0,0,0,0,0,0,3260122
5111,2009/11/1,598,0,598,0,0,0,0,0,0,3260122
5111,2009/12/1,534,0,534,0,0,0,0,0,0,3260122
5111,2010/1/1,332,0,332,0,0,0,0,0,0,3236098
5111,2010/2/1,146,0,146,0,0,0,0,0,0,3236098
5111,2010/3/1,318,0,318,0,0,0,0,0,0,3236098
5111,2010/4/1,391,1,390,0,1,1,0,0,0,3236098
5111,2010/5/1,251,0,251,7,2,1,0,0,0,3236098
5111,2010/6/1,106,0,106,5,1,0,0,0,0,3236098
5111,2010/7/1,95,0,95,2,4,2,0,0,0,3236098
5111,2010/8/1,19,0,19,1,1,0,0,0,0,3236098
5111,2010/9/1,63,0,63,0,0,0,0,0,0,3236098
5111,2010/10/1,134,0,134,0,0,0,0,0,0,3236098
5111,2010/11/1,229,0,229,0,0,0,0,0,0,3236098
5111,2010/12/1,294,1,293,0,0,0,0,0,0,3236098
5111,2011/1/1,85,0,85,0,0,0,0,0,0,3224420
5111,2011/2/1,13,0,13,0,0,0,0,0,0,3224420
5111,2011/3/1,22,0,22,1,1,0,0,0,0,3224420
5111,2011/4/1,44,0,44,0,3,4,0,0,0,3224420
5111,2011/5/1,116,0,116,7,2,1,0,0,0,3224420
5111,2011/6/1,244,2,242,6,7,2,0,0,0,3224420
5111,2011/7/1,172,2,170,0,3,3,0,1,0,3224420
5111,2011/8/1,92,0,92,1,4,0,0,0,0,3224420
5111,2011/9/1,151,0,151,4,1,0,0,0,0,3224420
5111,2011/10/1,297,0,297,8,9,1,0,0,0,3224420
5111,2011/11/1,491,0,491,2,3,0,0,0,0,3224420
5111,2011/12/1,409,0,409,0,1,0,0,0,0,3224420
5111,2012/1/1,94,0,94,0,1,0,0,0,0,3223778
5111,2012/2/1,38,0,38,0,1,1,0,0,0,3223778
5111,2012/3/1,110,0,110,9,3,1,0,0,0,3223778
5111,2012/4/1,140,1,139,10,2,3,0,1,0,3223778
5111,2012/5/1,170,0,170,10,2,14,0,0,0,3223778
5111,2012/6/1,122,0,122,9,1,0,0,0,0,3223778
5111,2012/7/1,107,0,107,8,1,0,0,0,0,3223778
5111,2012/8/1,52,0,52,3,0,7,0,0,0,3223778
5111,2012/9/1,210,0,210,3,2,12,0,0,0,3223778
5111,2012/10/1,314,0,314,7,3,10,0,0,0,3223778
5111,2012/11/1,274,0,274,1,0,1,0,0,0,3223778
5111,2012/12/1,120,0,120,0,0,0,0,0,0,3223778
5111,2013/1/1,48,0,48,1,0,2,0,0,0,3231416
5111,2013/2/1,26,0,26,0,0,2,0,0,0,3231416
5111,2013/3/1,75,0,75,3,3,2,0,0,0,3231416
5111,2013/4/1,131,2,129,3,10,3,0,1,0,3231416
5111,2013/5/1,385,14,371,10,65,6,0,5,0,3231416
5111,2013/6/1,704,25,679,3,55,8,0,9,1,3231416
5111,2013/7/1,358,22,336,2,42,9,0,7,1,3231416
5111,2013/8/1,120,7,113,3,12,6,0,5,0,3231416
5111,2013/9/1,125,2,123,11,8,18,0,1,1,3231416
5111,2013/10/1,247,1,246,2,8,9,0,0,1,3231416
5111,2013/11/1,356,1,355,2,4,6,0,0,1,3231416
5111,2013/12/1,188,0,188,0,0,5,0,0,0,3231416
5111,2014/1/1,76,2,74,1,0,1,0,0,1,3244576
5111,2014/2/1,58,1,57,1,0,0,0,1,0,3244576
5111,2014/3/1,212,1,211,5,0,4,0,0,1,3244576
5111,2014/4/1,350,0,350,6,4,8,0,0,0,3244576
5111,2014/5/1,310,0,310,27,2,7,0,0,0,3244576
5111,2014/6/1,230,4,226,28,2,10,2,1,1,3244576
5111,2014/7/1,119,0,119,11,1,13,0,0,0,3244576
5111,2014/8/1,59,0,59,5,0,2,0,0,0,3244576
5111,2014/9/1,155,2,153,3,0,2,0,0,1,3244576
5111,2014/10/1,339,0,339,5,7,12,0,0,0,3244576
5111,2014/11/1,441,1,440,9,12,8,0,0,0,3244576
5111,2014/12/1,326,1,325,2,1,4,0,0,0,3244576
5111,2015/1/1,194,0,194,1,1,10,0,0,0,3260496
5111,2015/2/1,69,0,69,1,0,2,0,0,0,3260496
5111,2015/3/1,81,0,81,4,0,4,0,0,0,3260496
5111,2015/4/1,153,2,151,11,0,12,0,0,0,3260496
5111,2015/5/1,166,1,165,5,2,10,0,0,1,3260496
5111,2015/6/1,249,2,247,3,3,16,1,0,1,3260496
5111,2015/7/1,218,3,215,1,3,11,2,0,1,3260496
5111,2015/8/1,60,1,59,1,0,0,0,1,0,3260496
5111,2015/9/1,107,1,106,0,2,3,0,1,0,3260496
5111,2015/10/1,184,1,183,0,1,2,0,1,0,3260496
5111,2015/11/1,321,2,319,2,3,13,0,1,1,3260496
5111,2015/12/1,278,1,277,0,0,1,0,1,0,3260496
5113,2009/1/1,23,0,23,0,0,0,0,0,0,6257169
5113,2009/2/1,17,0,17,0,1,1,0,0,0,6257169
5113,2009/3/1,120,1,119,1,2,2,0,0,0,6257169
5113,2009/4/1,491,0,491,0,6,2,0,0,0,6257169
5113,2009/5/1,199,0,199,0,1,1,0,0,0,6257169
5113,2009/6/1,135,1,134,0,0,0,0,1,0,6257169
5113,2009/7/1,68,0,68,0,0,0,0,0,0,6257169
5113,2009/8/1,18,0,18,0,0,0,0,0,0,6257169
5113,2009/9/1,15,0,15,0,0,1,0,0,0,6257169
5113,2009/10/1,33,0,33,0,0,0,0,0,0,6257169
5113,2009/11/1,67,2,65,0,0,0,0,0,0,6257169
5113,2009/12/1,172,1,171,0,0,0,0,0,0,6257169
5113,2010/1/1,249,0,249,0,0,5,0,0,0,6278933
5113,2010/2/1,109,0,109,0,0,0,0,0,0,6278933
5113,2010/3/1,216,0,216,0,0,3,0,0,0,6278933
5113,2010/4/1,671,5,666,6,0,6,1,0,1,6278933
5113,2010/5/1,513,3,510,1,1,1,0,0,1,6278933
5113,2010/6/1,256,1,255,2,2,4,0,0,1,6278933
5113,2010/7/1,128,1,127,0,0,0,0,0,1,6278933
5113,2010/8/1,32,1,31,0,0,1,0,0,0,6278933
5113,2010/9/1,39,1,38,0,1,0,0,1,0,6278933
5113,2010/10/1,73,0,73,0,0,0,0,0,0,6278933
5113,2010/11/1,105,1,104,0,0,0,0,0,0,6278933
5113,2010/12/1,49,0,49,0,0,0,0,0,0,6278933
5113,2011/1/1,21,0,21,0,0,0,0,0,0,6299134
5113,2011/2/1,8,0,8,0,0,0,0,0,0,6299134
5113,2011/3/1,35,0,35,0,0,0,0,0,0,6299134
5113,2011/4/1,71,0,71,0,0,0,0,0,0,6299134
5113,2011/5/1,96,0,96,0,10,0,0,0,0,6299134
5113,2011/6/1,242,3,239,2,23,4,0,3,0,6299134
5113,2011/7/1,179,5,174,4,19,4,0,2,0,6299134
5113,2011/8/1,58,0,58,0,3,0,0,0,0,6299134
5113,2011/9/1,29,1,28,0,1,0,0,0,0,6299134
5113,2011/10/1,64,0,64,1,4,0,0,0,0,6299134
5113,2011/11/1,139,2,137,2,8,1,0,0,0,6299134
5113,2011/12/1,164,0,164,4,4,3,0,0,0,6299134
5113,2012/1/1,66,0,66,2,2,2,0,0,0,6317211
5113,2012/2/1,53,0,53,2,11,5,0,0,0,6317211
5113,2012/3/1,169,0,169,14,14,7,0,0,0,6317211
5113,2012/4/1,163,0,163,7,8,9,0,0,0,6317211
5113,2012/5/1,261,1,260,9,10,2,0,0,0,6317211
5113,2012/6/1,269,1,268,18,16,11,0,1,0,6317211
5113,2012/7/1,188,0,188,10,4,9,0,0,0,6317211
5113,2012/8/1,73,0,73,2,4,3,0,0,0,6317211
5113,2012/9/1,145,0,145,0,0,2,0,0,0,6317211
5113,2012/10/1,412,1,411,0,0,1,0,0,0,6317211
5113,2012/11/1,370,0,370,0,0,0,0,0,0,6317211
5113,2012/12/1,191,1,190,0,0,0,0,0,0,6317211
5113,2013/1/1,59,0,59,0,0,0,0,0,0,6333693
5113,2013/2/1,36,0,36,0,0,0,0,0,0,6333693
5113,2013/3/1,76,0,76,3,13,0,0,0,0,6333693
5113,2013/4/1,311,1,310,0,14,1,0,0,0,6333693
5113,2013/5/1,318,2,316,0,55,4,0,0,0,6333693
5113,2013/6/1,406,2,404,1,31,4,0,0,1,6333693
5113,2013/7/1,179,0,179,1,3,3,0,0,0,6333693
5113,2013/8/1,106,0,106,1,1,1,0,0,0,6333693
5113,2013/9/1,378,2,376,5,11,12,0,0,1,6333693
5113,2013/10/1,432,0,432,1,2,3,0,0,0,6333693
5113,2013/11/1,275,3,272,0,1,7,0,0,0,6333693
5113,2013/12/1,176,0,176,0,1,1,0,0,0,6333693
5113,2014/1/1,94,2,92,0,4,2,0,0,1,6349111
5113,2014/2/1,42,0,42,0,1,2,0,0,0,6349111
5113,2014/3/1,233,1,232,2,3,0,0,0,0,6349111
5113,2014/4/1,371,0,371,0,2,1,0,0,0,6349111
5113,2014/5/1,304,3,301,7,2,1,0,1,1,6349111
5113,2014/6/1,451,3,448,1,0,2,0,0,0,6349111
5113,2014/7/1,250,2,248,3,0,2,0,0,0,6349111
5113,2014/8/1,85,0,85,3,0,1,0,0,0,6349111
5113,2014/9/1,273,0,273,28,2,0,0,0,0,6349111
5113,2014/10/1,601,0,601,30,1,5,0,0,0,6349111
5113,2014/11/1,714,0,714,19,0,8,0,0,0,6349111
5113,2014/12/1,508,0,508,8,1,3,0,0,0,6349111
5113,2015/1/1,366,0,366,1,0,0,0,0,0,6363996
5113,2015/2/1,173,0,173,0,1,2,0,0,0,6363996
5113,2015/3/1,152,0,152,5,3,0,0,0,0,6363996
5113,2015/4/1,287,0,287,8,4,2,0,0,0,6363996
5113,2015/5/1,274,1,273,4,2,1,0,1,0,6363996
5113,2015/6/1,317,0,317,3,10,17,0,0,0,6363996
5113,2015/7/1,260,1,259,1,2,13,1,0,0,6363996
5113,2015/8/1,62,0,62,0,0,5,0,0,0,6363996
5113,2015/9/1,145,1,144,0,2,15,0,0,0,6363996
5113,2015/10/1,335,0,335,0,0,28,0,0,0,6363996
5113,2015/11/1,388,0,388,1,2,32,0,0,0,6363996
5113,2015/12/1,220,0,220,0,0,4,0,0,0,6363996
5114,2009/1/1,4,0,4,0,0,0,0,0,0,2955160
5114,2009/2/1,8,0,8,0,0,0,0,0,0,2955160
5114,2009/3/1,21,0,21,0,0,0,0,0,0,2955160
5114,2009/4/1,253,1,252,3,1,0,0,1,0,2955160
5114,2009/5/1,204,0,204,0,4,0,0,0,0,2955160
5114,2009/6/1,167,0,167,0,3,0,0,0,0,2955160
5114,2009/7/1,106,0,106,0,2,0,0,0,0,2955160
5114,2009/8/1,36,0,36,0,3,0,0,0,0,2955160
5114,2009/9/1,112,0,112,0,0,0,0,0,0,2955160
5114,2009/10/1,159,0,159,0,0,0,0,0,0,2955160
5114,2009/11/1,236,0,236,0,0,0,0,0,0,2955160
5114,2009/12/1,197,0,197,0,0,0,0,0,0,2955160
5114,2010/1/1,233,0,233,0,0,1,0,0,0,2950012
5114,2010/2/1,85,0,85,0,0,0,0,0,0,2950012
5114,2010/3/1,220,0,220,2,0,2,0,0,0,2950012
5114,2010/4/1,473,3,470,20,3,5,1,2,0,2950012
5114,2010/5/1,289,0,289,8,4,3,0,0,0,2950012
5114,2010/6/1,123,0,123,2,1,3,0,0,0,2950012
5114,2010/7/1,80,0,80,0,3,3,0,0,0,2950012
5114,2010/8/1,27,0,27,0,1,2,0,0,0,2950012
5114,2010/9/1,26,1,25,0,0,0,1,0,0,2950012
5114,2010/10/1,26,0,26,0,0,0,0,0,0,2950012
5114,2010/11/1,19,0,19,0,0,0,0,0,0,2950012
5114,2010/12/1,22,0,22,0,0,0,0,0,0,2950012
5114,2011/1/1,20,0,20,0,0,0,0,0,0,2951668
5114,2011/2/1,7,0,7,0,0,0,0,0,0,2951668
5114,2011/3/1,42,0,42,1,1,0,0,0,0,2951668
5114,2011/4/1,294,5,289,9,12,4,0,5,0,2951668
5114,2011/5/1,842,10,832,0,38,3,1,8,0,2951668
5114,2011/6/1,658,18,640,1,46,1,0,11,1,2951668
5114,2011/7/1,226,7,219,1,12,0,0,4,0,2951668
5114,2011/8/1,65,2,63,2,3,1,0,1,0,2951668
5114,2011/9/1,182,3,179,2,9,2,0,2,0,2951668
5114,2011/10/1,323,3,320,13,3,6,0,1,1,2951668
5114,2011/11/1,515,3,512,9,0,13,0,1,0,2951668
5114,2011/12/1,364,1,363,1,0,0,0,1,0,2951668
5114,2012/1/1,105,0,105,4,1,1,0,0,0,2959056
5114,2012/2/1,89,0,89,9,0,3,0,0,0,2959056
5114,2012/3/1,208,1,207,8,1,9,1,0,0,2959056
5114,2012/4/1,283,0,283,14,1,10,0,0,0,2959056
5114,2012/5/1,356,1,355,23,0,8,1,0,0,2959056
5114,2012/6/1,243,0,243,21,0,7,0,0,0,2959056
5114,2012/7/1,98,0,98,15,0,4,0,0,0,2959056
5114,2012/8/1,49,0,49,5,0,3,0,0,0,2959056
5114,2012/9/1,70,0,70,0,0,2,0,0,0,2959056
5114,2012/10/1,202,1,201,5,1,3,0,0,1,2959056
5114,2012/11/1,268,1,267,3,1,3,0,0,0,2959056
5114,2012/12/1,147,0,147,0,1,0,0,0,0,2959056
5114,2013/1/1,56,0,56,0,1,2,0,0,0,2970745
5114,2013/2/1,30,1,29,0,0,0,0,0,1,2970745
5114,2013/3/1,59,0,59,0,0,2,0,0,0,2970745
5114,2013/4/1,163,3,160,0,4,6,0,2,0,2970745
5114,2013/5/1,260,8,252,0,4,12,0,4,1,2970745
5114,2013/6/1,344,23,321,0,8,4,0,2,3,2970745
5114,2013/7/1,432,24,408,0,5,14,0,6,5,2970745
5114,2013/8/1,178,13,165,0,3,2,0,8,0,2970745
5114,2013/9/1,408,8,400,0,3,6,0,1,2,2970745
5114,2013/10/1,704,15,689,0,2,17,0,4,4,2970745
5114,2013/11/1,748,14,734,0,8,14,0,6,4,2970745
5114,2013/12/1,563,8,555,0,0,5,0,1,6,2970745
5114,2014/1/1,351,5,346,0,2,4,0,4,0,2985302
5114,2014/2/1,212,5,207,0,3,6,0,2,1,2985302
5114,2014/3/1,900,17,883,2,2,10,0,6,5,2985302
5114,2014/4/1,1329,32,1297,3,9,14,2,3,12,2985302
5114,2014/5/1,837,13,824,9,13,13,0,1,3,2985302
5114,2014/6/1,718,15,703,15,5,4,2,3,4,2985302
5114,2014/7/1,434,10,424,4,2,6,3,2,1,2985302
5114,2014/8/1,139,1,138,3,0,9,0,1,0,2985302
5114,2014/9/1,257,4,253,11,0,9,0,0,1,2985302
5114,2014/10/1,616,4,612,21,2,31,0,0,1,2985302
5114,2014/11/1,950,2,948,5,0,8,0,0,0,2985302
5114,2014/12/1,793,2,791,0,0,3,0,0,0,2985302
5114,2015/1/1,452,0,452,2,0,2,0,0,0,3001294
5114,2015/2/1,144,1,143,0,0,2,0,0,0,3001294
5114,2015/3/1,181,1,180,0,1,9,0,0,0,3001294
5114,2015/4/1,340,2,338,6,5,12,0,0,1,3001294
5114,2015/5/1,359,7,352,4,2,21,1,2,1,3001294
5114,2015/6/1,315,7,308,10,10,19,0,1,3,3001294
5114,2015/7/1,219,2,217,7,3,25,0,1,1,3001294
5114,2015/8/1,78,2,76,1,0,5,0,0,0,3001294
5114,2015/9/1,193,2,191,0,0,9,0,0,1,3001294
5114,2015/10/1,559,2,557,3,0,21,0,1,0,3001294
5114,2015/11/1,608,4,604,0,1,6,0,1,3,3001294
5114,2015/12/1,459,1,458,0,1,4,0,1,0,3001294
5115,2009/1/1,0,0,0,0,0,0,0,0,0,4463142
5115,2009/2/1,0,0,0,0,0,0,0,0,0,4463142
5115,2009/3/1,3,0,3,0,0,0,0,0,0,4463142
5115,2009/4/1,15,0,15,0,0,0,0,0,0,4463142
5115,2009/5/1,3,0,3,0,0,0,0,0,0,4463142
5115,2009/6/1,2,0,2,0,0,0,0,0,0,4463142
5115,2009/7/1,4,0,4,0,0,0,0,0,0,4463142
5115,2009/8/1,1,0,1,0,0,0,0,0,0,4463142
5115,2009/9/1,5,0,5,0,0,0,0,0,0,4463142
5115,2009/10/1,2,0,2,0,0,0,0,0,0,4463142
5115,2009/11/1,5,0,5,0,0,0,0,0,0,4463142
5115,2009/12/1,2,0,2,0,0,0,0,0,0,4463142
5115,2010/1/1,5,0,5,0,0,0,0,0,0,4471982
5115,2010/2/1,2,0,2,0,0,0,0,0,0,4471982
5115,2010/3/1,57,0,57,0,1,0,0,0,0,4471982
5115,2010/4/1,145,1,144,5,3,0,0,0,0,4471982
5115,2010/5/1,170,2,168,9,15,1,0,0,0,4471982
5115,2010/6/1,91,0,91,2,8,0,0,0,0,4471982
5115,2010/7/1,70,0,70,1,1,1,0,0,0,4471982
5115,2010/8/1,29,0,29,0,0,0,0,0,0,4471982
5115,2010/9/1,13,0,13,1,0,0,0,0,0,4471982
5115,2010/10/1,30,0,30,0,3,3,0,0,0,4471982
5115,2010/11/1,15,0,15,0,0,1,0,0,0,4471982
5115,2010/12/1,14,0,14,0,0,0,0,0,0,4471982
5115,2011/1/1,4,0,4,0,0,0,0,0,0,4478960
5115,2011/2/1,3,0,3,0,0,0,0,0,0,4478960
5115,2011/3/1,14,1,13,0,1,0,0,1,0,4478960
5115,2011/4/1,28,2,26,0,0,1,0,0,0,4478960
5115,2011/5/1,28,0,28,0,2,0,0,0,0,4478960
5115,2011/6/1,75,2,73,1,2,0,0,0,0,4478960
5115,2011/7/1,80,0,80,1,6,0,0,0,0,4478960
5115,2011/8/1,28,1,27,1,0,0,0,0,0,4478960
5115,2011/9/1,17,0,17,3,1,0,0,0,0,4478960
5115,2011/10/1,63,0,63,1,6,0,0,0,0,4478960
5115,2011/11/1,72,1,71,6,1,0,0,0,0,4478960
5115,2011/12/1,45,0,45,1,1,0,0,0,0,4478960
5115,2012/1/1,12,0,12,0,1,0,0,0,0,4483695
5115,2012/2/1,40,0,40,1,0,0,0,0,0,4483695
5115,2012/3/1,132,0,132,12,0,3,0,0,0,4483695
5115,2012/4/1,174,1,173,13,1,2,0,0,0,4483695
5115,2012/5/1,165,0,165,31,5,5,0,0,0,4483695
5115,2012/6/1,81,0,81,7,6,9,0,0,0,4483695
5115,2012/7/1,55,0,55,5,4,5,0,0,0,4483695
5115,2012/8/1,25,0,25,1,6,6,0,0,0,4483695
5115,2012/9/1,36,0,36,1,5,4,0,0,0,4483695
5115,2012/10/1,62,0,62,1,9,6,0,0,0,4483695
5115,2012/11/1,56,0,56,0,2,5,0,0,0,4483695
5115,2012/12/1,78,0,78,0,1,4,0,0,0,4483695
5115,2013/1/1,38,0,38,0,0,2,0,0,0,4486744
5115,2013/2/1,35,0,35,0,1,0,0,0,0,4486744
5115,2013/3/1,64,0,64,1,5,11,0,0,0,4486744
5115,2013/4/1,126,0,126,0,13,12,0,0,0,4486744
5115,2013/5/1,143,0,143,1,18,1,0,0,0,4486744
5115,2013/6/1,116,1,115,3,11,6,0,0,0,4486744
5115,2013/7/1,120,0,120,5,12,20,0,0,0,4486744
5115,2013/8/1,108,1,107,2,2,8,0,0,1,4486744
5115,2013/9/1,96,0,96,0,1,6,0,0,0,4486744
5115,2013/10/1,92,0,92,0,1,12,0,0,0,4486744
5115,2013/11/1,56,0,56,0,0,3,0,0,0,4486744
5115,2013/12/1,56,0,56,1,1,1,0,0,0,4486744
5115,2014/1/1,36,0,36,3,2,2,0,0,0,4488669
5115,2014/2/1,32,0,32,0,0,3,0,0,0,4488669
5115,2014/3/1,115,0,115,2,5,3,0,0,0,4488669
5115,2014/4/1,201,0,201,5,6,12,0,0,0,4488669
5115,2014/5/1,232,0,232,13,6,35,0,0,0,4488669
5115,2014/6/1,223,0,223,11,2,23,0,0,0,4488669
5115,2014/7/1,204,0,204,8,3,1,0,0,0,4488669
5115,2014/8/1,66,0,66,5,4,5,0,0,0,4488669
5115,2014/9/1,114,0,114,4,0,1,0,0,0,4488669
5115,2014/10/1,193,0,193,5,5,3,0,0,0,4488669
5115,2014/11/1,133,0,133,1,1,17,0,0,0,4488669
5115,2014/12/1,118,1,117,3,5,6,0,1,0,4488669
5115,2015/1/1,49,1,48,0,0,5,0,0,0,4490032
5115,2015/2/1,32,0,32,0,1,0,0,0,0,4490032
5115,2015/3/1,118,2,116,3,1,13,0,0,1,4490032
5115,2015/4/1,204,2,202,3,5,32,0,1,1,4490032
5115,2015/5/1,143,1,142,3,9,22,0,1,0,4490032
5115,2015/6/1,199,0,199,8,15,16,0,0,0,4490032
5115,2015/7/1,136,1,135,1,2,24,0,1,0,4490032
5115,2015/8/1,69,0,69,0,1,11,0,0,0,4490032
5115,2015/9/1,55,0,55,0,1,20,0,0,0,4490032
5115,2015/10/1,139,0,139,0,4,20,0,0,0,4490032
5115,2015/11/1,143,0,143,1,7,10,0,0,0,4490032
5115,2015/12/1,170,0,170,1,0,5,0,0,0,4490032
5116,2009/1/1,1,0,1,0,0,0,0,0,0,3241355
5116,2009/2/1,0,0,0,0,0,0,0,0,0,3241355
5116,2009/3/1,2,0,2,0,0,0,0,0,0,3241355
5116,2009/4/1,37,0,37,0,0,0,0,0,0,3241355
5116,2009/5/1,12,0,12,0,0,0,0,0,0,3241355
5116,2009/6/1,16,0,16,0,0,0,0,0,0,3241355
5116,2009/7/1,7,0,7,0,0,0,0,0,0,3241355
5116,2009/8/1,4,0,4,0,0,0,0,0,0,3241355
5116,2009/9/1,11,0,11,0,0,0,0,0,0,3241355
5116,2009/10/1,14,0,14,0,0,0,0,0,0,3241355
5116,2009/11/1,8,0,8,0,0,0,0,0,0,3241355
5116,2009/12/1,20,0,20,0,0,0,0,0,0,3241355
5116,2010/1/1,29,0,29,0,0,0,0,0,0,3205833
5116,2010/2/1,17,0,17,0,0,0,0,0,0,3205833
5116,2010/3/1,12,0,12,0,0,0,0,0,0,3205833
5116,2010/4/1,62,0,62,0,1,0,0,0,0,3205833
5116,2010/5/1,65,1,64,2,0,1,0,1,0,3205833
5116,2010/6/1,33,0,33,0,1,0,0,0,0,3205833
5116,2010/7/1,20,0,20,0,1,0,0,0,0,3205833
5116,2010/8/1,8,3,5,0,0,0,0,3,0,3205833
5116,2010/9/1,12,0,12,0,0,0,0,0,0,3205833
5116,2010/10/1,13,1,12,0,0,0,0,1,0,3205833
5116,2010/11/1,18,0,18,0,0,0,0,0,0,3205833
5116,2010/12/1,11,0,11,0,0,0,0,0,0,3205833
5116,2011/1/1,8,0,8,0,0,0,0,0,0,3189430
5116,2011/2/1,5,0,5,0,0,0,0,0,0,3189430
5116,2011/3/1,11,1,10,0,0,0,0,0,0,3189430
5116,2011/4/1,56,1,55,7,5,0,0,1,0,3189430
5116,2011/5/1,78,1,77,6,9,0,0,0,0,3189430
5116,2011/6/1,100,0,100,3,2,2,0,0,0,3189430
5116,2011/7/1,44,1,43,1,2,0,0,1,0,3189430
5116,2011/8/1,18,2,16,0,0,0,0,0,0,3189430
5116,2011/9/1,19,0,19,1,0,0,0,0,0,3189430
5116,2011/10/1,65,1,64,2,2,1,0,0,0,3189430
5116,2011/11/1,131,0,131,4,1,1,0,0,0,3189430
5116,2011/12/1,79,0,79,5,3,1,0,0,0,3189430
5116,2012/1/1,28,0,28,0,0,1,0,0,0,3189541
5116,2012/2/1,30,0,30,0,0,0,0,0,0,3189541
5116,2012/3/1,62,0,62,1,0,1,0,0,0,3189541
5116,2012/4/1,66,0,66,2,5,0,0,0,0,3189541
5116,2012/5/1,97,1,96,0,2,1,0,1,0,3189541
5116,2012/6/1,95,0,95,0,2,0,0,0,0,3189541
5116,2012/7/1,52,0,52,0,2,1,0,0,0,3189541
5116,2012/8/1,17,0,17,0,0,0,0,0,0,3189541
5116,2012/9/1,57,0,57,0,7,1,0,0,0,3189541
5116,2012/10/1,197,0,197,2,35,8,0,0,0,3189541
5116,2012/11/1,148,1,147,1,11,4,0,0,0,3189541
5116,2012/12/1,87,0,87,0,1,0,0,0,0,3189541
5116,2013/1/1,33,0,33,0,1,0,0,0,0,3201857
5116,2013/2/1,14,1,13,0,0,0,0,0,0,3201857
5116,2013/3/1,29,0,29,0,1,0,0,0,0,3201857
5116,2013/4/1,69,0,69,1,0,0,0,0,0,3201857
5116,2013/5/1,59,0,59,0,2,3,0,0,0,3201857
5116,2013/6/1,91,3,88,1,5,0,0,0,0,3201857
5116,2013/7/1,59,0,59,1,4,0,0,0,0,3201857
5116,2013/8/1,24,1,23,0,1,1,0,0,0,3201857
5116,2013/9/1,108,0,108,0,0,1,0,0,0,3201857
5116,2013/10/1,217,0,217,0,0,0,0,0,0,3201857
5116,2013/11/1,123,0,123,0,1,0,0,0,0,3201857
5116,2013/12/1,55,0,55,0,0,0,0,0,0,3201857
5116,2014/1/1,36,0,36,1,1,0,0,0,0,3222211
5116,2014/2/1,47,0,47,0,1,0,0,0,0,3222211
5116,2014/3/1,117,0,117,5,1,0,0,0,0,3222211
5116,2014/4/1,155,1,154,1,6,5,0,1,0,3222211
5116,2014/5/1,131,2,129,2,2,1,0,1,0,3222211
5116,2014/6/1,197,2,195,9,1,1,0,0,0,3222211
5116,2014/7/1,130,0,130,3,3,1,0,0,0,3222211
5116,2014/8/1,60,0,60,4,1,0,0,0,0,3222211
5116,2014/9/1,143,0,143,0,2,3,0,0,0,3222211
5116,2014/10/1,291,0,291,1,3,3,0,0,0,3222211
5116,2014/11/1,286,0,286,0,0,4,0,0,0,3222211
5116,2014/12/1,134,0,134,1,0,1,0,0,0,3222211
5116,2015/1/1,117,0,117,1,1,0,0,0,0,3246587
5116,2015/2/1,58,0,58,0,0,0,0,0,0,3246587
5116,2015/3/1,86,0,86,1,3,4,0,0,0,3246587
5116,2015/4/1,244,0,244,4,1,2,0,0,0,3246587
5116,2015/5/1,259,0,259,2,1,3,0,0,0,3246587
5116,2015/6/1,235,0,235,5,1,5,0,0,0,3246587
5116,2015/7/1,112,0,112,1,2,1,0,0,0,3246587
5116,2015/8/1,25,3,22,0,0,2,0,1,0,3246587
5116,2015/9/1,63,0,63,0,0,1,0,0,0,3246587
5116,2015/10/1,208,0,208,0,0,5,0,0,0,3246587
5116,2015/11/1,245,0,245,1,1,5,0,0,0,3246587
5116,2015/12/1,153,0,153,1,0,0,0,0,0,3246587
5117,2009/1/1,1,0,1,0,0,0,0,0,0,5470678
5117,2009/2/1,1,0,1,0,0,0,0,0,0,5470678
5117,2009/3/1,12,0,12,0,0,0,0,0,0,5470678
5117,2009/4/1,49,0,49,0,0,1,0,0,0,5470678
5117,2009/5/1,108,0,108,0,0,0,0,0,0,5470678
5117,2009/6/1,68,1,67,0,0,0,0,0,0,5470678
5117,2009/7/1,34,0,34,0,0,0,0,0,0,5470678
5117,2009/8/1,1,0,1,0,0,0,0,0,0,5470678
5117,2009/9/1,5,0,5,0,0,0,0,0,0,5470678
5117,2009/10/1,17,0,17,0,0,0,0,0,0,5470678
5117,2009/11/1,15,1,14,0,0,0,0,0,0,5470678
5117,2009/12/1,18,0,18,0,0,1,0,0,0,5470678
5117,2010/1/1,27,2,25,0,0,0,0,0,0,5468012
5117,2010/2/1,5,0,5,0,0,0,0,0,0,5468012
5117,2010/3/1,22,0,22,0,0,0,0,0,0,5468012
5117,2010/4/1,95,1,94,10,0,1,0,0,0,5468012
5117,2010/5/1,130,3,127,13,7,1,0,1,1,5468012
5117,2010/6/1,76,1,75,6,5,3,0,0,0,5468012
5117,2010/7/1,47,3,44,1,1,0,0,0,2,5468012
5117,2010/8/1,11,1,10,0,0,0,0,0,0,5468012
5117,2010/9/1,15,0,15,0,0,0,0,0,0,5468012
5117,2010/10/1,17,0,17,0,0,0,0,0,0,5468012
5117,2010/11/1,15,0,15,0,0,0,0,0,0,5468012
5117,2010/12/1,16,1,15,0,0,0,0,1,0,5468012
5117,2011/1/1,5,0,5,0,0,0,0,0,0,5475316
5117,2011/2/1,5,0,5,0,0,0,0,0,0,5475316
5117,2011/3/1,26,0,26,0,0,0,0,0,0,5475316
5117,2011/4/1,37,0,37,0,0,0,0,0,0,5475316
5117,2011/5/1,51,0,51,0,0,1,0,0,0,5475316
5117,2011/6/1,41,0,41,1,4,1,0,0,0,5475316
5117,2011/7/1,33,2,31,1,0,0,0,0,0,5475316
5117,2011/8/1,19,1,18,0,0,0,0,0,0,5475316
5117,2011/9/1,22,0,22,1,0,0,0,0,0,5475316
5117,2011/10/1,52,0,52,0,0,0,0,0,0,5475316
5117,2011/11/1,110,1,109,1,0,0,0,0,0,5475316
5117,2011/12/1,78,0,78,1,4,0,0,0,0,5475316
5117,2012/1/1,28,0,28,0,0,0,0,0,0,5491025
5117,2012/2/1,35,0,35,0,1,0,0,0,0,5491025
5117,2012/3/1,45,0,45,2,1,2,0,0,0,5491025
5117,2012/4/1,102,0,102,5,1,2,0,0,0,5491025
5117,2012/5/1,287,3,284,5,7,4,0,2,0,5491025
5117,2012/6/1,378,5,373,7,12,0,0,1,0,5491025
5117,2012/7/1,279,2,277,0,4,2,0,0,0,5491025
5117,2012/8/1,92,1,91,0,3,0,0,1,0,5491025
5117,2012/9/1,148,0,148,0,5,0,0,0,0,5491025
5117,2012/10/1,336,2,334,3,2,3,0,1,0,5491025
5117,2012/11/1,226,0,226,0,5,0,0,0,0,5491025
5117,2012/12/1,260,1,259,0,2,0,0,1,0,5491025
5117,2013/1/1,129,0,129,0,0,0,0,0,0,5513040
5117,2013/2/1,53,0,53,0,0,0,0,0,0,5513040
5117,2013/3/1,102,1,101,0,0,0,0,1,0,5513040
5117,2013/4/1,154,0,154,0,0,3,0,0,0,5513040
5117,2013/5/1,195,0,195,1,0,2,0,0,0,5513040
5117,2013/6/1,176,4,172,0,0,3,0,1,0,5513040
5117,2013/7/1,111,0,111,0,3,6,0,0,0,5513040
5117,2013/8/1,83,0,83,0,0,1,0,0,0,5513040
5117,2013/9/1,271,0,271,0,0,9,0,0,0,5513040
5117,2013/10/1,374,0,374,0,0,4,0,0,0,5513040
5117,2013/11/1,269,0,269,0,0,1,0,0,0,5513040
5117,2013/12/1,116,0,116,0,0,1,0,0,0,5513040
5117,2014/1/1,51,0,51,0,0,0,0,0,0,5539261
5117,2014/2/1,54,0,54,0,1,0,0,0,0,5539261
5117,2014/3/1,171,1,170,1,3,0,0,1,0,5539261
5117,2014/4/1,382,1,381,6,13,2,0,1,0,5539261
5117,2014/5/1,563,1,562,15,32,1,1,0,0,5539261
5117,2014/6/1,513,2,511,14,8,0,1,0,0,5539261
5117,2014/7/1,255,1,254,6,3,0,0,0,0,5539261
5117,2014/8/1,76,0,76,1,0,0,0,0,0,5539261
5117,2014/9/1,333,1,332,6,0,5,0,0,0,5539261
5117,2014/10/1,566,1,565,0,1,5,0,1,0,5539261
5117,2014/11/1,396,2,394,0,0,1,0,1,1,5539261
5117,2014/12/1,253,0,253,0,1,1,0,0,0,5539261
5117,2015/1/1,184,0,184,0,0,0,0,0,0,5567587
5117,2015/2/1,63,0,63,0,0,0,0,0,0,5567587
5117,2015/3/1,124,0,124,0,1,1,0,0,0,5567587
5117,2015/4/1,191,2,189,2,0,0,0,2,0,5567587
5117,2015/5/1,251,2,249,5,1,1,0,1,1,5567587
5117,2015/6/1,270,2,268,0,2,3,0,1,1,5567587
5117,2015/7/1,109,0,109,0,3,0,0,0,0,5567587
5117,2015/8/1,57,0,57,0,4,1,0,0,0,5567587
5117,2015/9/1,102,0,102,1,0,5,0,0,0,5567587
5117,2015/10/1,216,1,215,0,3,1,0,1,0,5567587
5117,2015/11/1,291,0,291,2,3,12,0,0,0,5567587
5117,2015/12/1,257,0,257,0,1,0,0,0,0,5567587
5118,2009/1/1,6,0,6,0,0,0,0,0,0,1503136
5118,2009/2/1,7,0,7,0,0,0,0,0,0,1503136
5118,2009/3/1,32,0,32,0,2,0,0,0,0,1503136
5118,2009/4/1,145,1,144,0,1,0,0,1,0,1503136
5118,2009/5/1,113,0,113,0,2,0,0,0,0,1503136
5118,2009/6/1,98,0,98,0,2,0,0,0,0,1503136
5118,2009/7/1,45,0,45,0,0,0,0,0,0,1503136
5118,2009/8/1,19,2,17,0,0,0,0,2,0,1503136
5118,2009/9/1,5,0,5,0,0,0,0,0,0,1503136
5118,2009/10/1,29,1,28,0,0,0,0,0,0,1503136
5118,2009/11/1,59,0,59,0,0,0,0,0,0,1503136
5118,2009/12/1,94,0,94,1,0,0,0,0,0,1503136
5118,2010/1/1,267,0,267,2,0,0,0,0,0,1506992
5118,2010/2/1,149,0,149,1,0,0,0,0,0,1506992
5118,2010/3/1,334,0,334,6,1,1,0,0,0,1506992
5118,2010/4/1,507,0,507,10,0,4,0,0,0,1506992
5118,2010/5/1,284,0,284,9,1,5,0,0,0,1506992
5118,2010/6/1,168,1,167,4,3,0,0,1,0,1506992
5118,2010/7/1,108,0,108,3,6,1,0,0,0,1506992
5118,2010/8/1,32,0,32,0,1,0,0,0,0,1506992
5118,2010/9/1,17,0,17,0,0,0,0,0,0,1506992
5118,2010/10/1,20,0,20,0,0,0,0,0,0,1506992
5118,2010/11/1,72,0,72,0,0,0,0,0,0,1506992
5118,2010/12/1,125,0,125,0,0,0,0,0,0,1506992
5118,2011/1/1,51,0,51,0,0,0,0,0,0,1512663
5118,2011/2/1,23,0,23,0,0,0,0,0,0,1512663
5118,2011/3/1,92,0,92,0,9,4,0,0,0,1512663
5118,2011/4/1,243,0,243,1,14,41,0,0,0,1512663
5118,2011/5/1,260,0,260,2,13,22,0,0,0,1512663
5118,2011/6/1,156,0,156,1,6,5,0,0,0,1512663
5118,2011/7/1,81,0,81,0,0,0,0,0,0,1512663
5118,2011/8/1,27,0,27,1,0,0,0,0,0,1512663
5118,2011/9/1,25,0,25,1,1,2,0,0,0,1512663
5118,2011/10/1,62,0,62,6,0,0,0,0,0,1512663
5118,2011/11/1,94,1,93,2,0,0,0,0,0,1512663
5118,2011/12/1,104,0,104,0,0,0,0,0,0,1512663
5118,2012/1/1,37,0,37,1,0,0,0,0,0,1519864
5118,2012/2/1,19,0,19,0,0,0,0,0,0,1519864
5118,2012/3/1,72,0,72,2,0,1,0,0,0,1519864
5118,2012/4/1,206,0,206,20,4,1,0,0,0,1519864
5118,2012/5/1,221,0,221,25,11,0,0,0,0,1519864
5118,2012/6/1,170,0,170,16,8,4,0,0,0,1519864
5118,2012/7/1,152,0,152,4,8,2,0,0,0,1519864
5118,2012/8/1,49,0,49,5,0,1,0,0,0,1519864
5118,2012/9/1,53,0,53,7,0,1,0,0,0,1519864
5118,2012/10/1,123,0,123,2,3,2,0,0,0,1519864
5118,2012/11/1,127,0,127,2,2,2,0,0,0,1519864
5118,2012/12/1,81,0,81,1,4,2,0,0,0,1519864
5118,2013/1/1,36,0,36,0,0,0,0,0,0,1528213
5118,2013/2/1,12,0,12,0,1,0,0,0,0,1528213
5118,2013/3/1,12,0,12,0,0,0,0,0,0,1528213
5118,2013/4/1,26,0,26,1,0,4,0,0,0,1528213
5118,2013/5/1,39,0,39,6,2,7,0,0,0,1528213
5118,2013/6/1,70,0,70,7,7,6,0,0,0,1528213
5118,2013/7/1,110,3,107,2,21,8,0,2,0,1528213
5118,2013/8/1,65,0,65,7,10,11,0,0,0,1528213
5118,2013/9/1,73,1,72,11,9,7,0,1,0,1528213
5118,2013/10/1,154,0,154,6,14,14,0,0,0,1528213
5118,2013/11/1,482,4,478,2,5,1,0,1,0,1528213
5118,2013/12/1,414,3,411,0,0,1,0,1,2,1528213
5118,2014/1/1,213,0,213,0,2,0,0,0,0,1537327
5118,2014/2/1,120,0,120,1,1,0,0,0,0,1537327
5118,2014/3/1,305,0,305,14,35,3,0,0,0,1537327
5118,2014/4/1,385,1,384,14,23,18,0,0,0,1537327
5118,2014/5/1,282,1,281,11,0,6,0,0,0,1537327
5118,2014/6/1,169,0,169,0,0,0,0,0,0,1537327
5118,2014/7/1,108,0,108,3,0,2,0,0,0,1537327
5118,2014/8/1,32,1,31,1,0,0,0,0,0,1537327
5118,2014/9/1,64,0,64,1,0,3,0,0,0,1537327
5118,2014/10/1,192,1,191,4,2,6,0,0,0,1537327
5118,2014/11/1,223,1,222,1,0,3,0,0,1,1537327
5118,2014/12/1,136,0,136,1,0,0,0,0,0,1537327
5118,2015/1/1,95,0,95,2,1,0,0,0,0,1546824
5118,2015/2/1,34,0,34,1,0,1,0,0,0,1546824
5118,2015/3/1,51,0,51,1,0,3,0,0,0,1546824
5118,2015/4/1,105,0,105,12,1,11,0,0,0,1546824
5118,2015/5/1,98,0,98,21,5,16,0,0,0,1546824
5118,2015/6/1,109,0,109,14,4,12,0,0,0,1546824
5118,2015/7/1,71,0,71,5,0,8,0,0,0,1546824
5118,2015/8/1,36,0,36,2,0,7,0,0,0,1546824
5118,2015/9/1,27,0,27,0,0,5,0,0,0,1546824
5118,2015/10/1,44,0,44,2,2,5,0,0,0,1546824
5118,2015/11/1,57,1,56,4,1,10,0,0,0,1546824
5118,2015/12/1,102,0,102,0,0,14,0,0,0,1546824
5119,2009/1/1,0,0,0,0,0,0,0,0,0,3279154
5119,2009/2/1,1,0,1,0,0,0,0,0,0,3279154
5119,2009/3/1,13,0,13,0,0,0,0,0,0,3279154
5119,2009/4/1,85,0,85,0,1,0,0,0,0,3279154
5119,2009/5/1,39,0,39,0,1,0,0,0,0,3279154
5119,2009/6/1,29,0,29,0,0,0,0,0,0,3279154
5119,2009/7/1,6,0,6,0,0,0,0,0,0,3279154
5119,2009/8/1,9,0,9,0,0,0,0,0,0,3279154
5119,2009/9/1,6,0,6,0,0,0,0,0,0,3279154
5119,2009/10/1,12,0,12,0,0,0,0,0,0,3279154
5119,2009/11/1,17,1,16,0,0,0,0,0,0,3279154
5119,2009/12/1,30,0,30,0,0,0,0,0,0,3279154
5119,2010/1/1,52,0,52,0,0,0,0,0,0,3284003
5119,2010/2/1,26,0,26,0,0,0,0,0,0,3284003
5119,2010/3/1,44,0,44,0,0,0,0,0,0,3284003
5119,2010/4/1,121,1,120,1,4,3,0,1,0,3284003
5119,2010/5/1,212,2,210,3,6,0,0,1,0,3284003
5119,2010/6/1,213,1,212,1,3,2,0,0,0,3284003
5119,2010/7/1,173,2,171,0,1,0,0,1,1,3284003
5119,2010/8/1,49,0,49,0,1,0,0,0,0,3284003
5119,2010/9/1,26,0,26,0,0,0,0,0,0,3284003
5119,2010/10/1,32,0,32,0,0,0,0,0,0,3284003
5119,2010/11/1,62,0,62,0,0,0,0,0,0,3284003
5119,2010/12/1,72,0,72,0,0,0,0,0,0,3284003
5119,2011/1/1,69,0,69,1,0,0,0,0,0,3290648
5119,2011/2/1,11,0,11,0,0,0,0,0,0,3290648
5119,2011/3/1,20,0,20,0,0,0,0,0,0,3290648
5119,2011/4/1,62,0,62,4,7,3,0,0,0,3290648
5119,2011/5/1,63,1,62,2,3,0,0,1,0,3290648
5119,2011/6/1,104,1,103,8,13,6,0,1,0,3290648
5119,2011/7/1,69,0,69,6,9,5,0,0,0,3290648
5119,2011/8/1,33,0,33,3,0,0,0,0,0,3290648
5119,2011/9/1,29,0,29,1,2,0,0,0,0,3290648
5119,2011/10/1,27,0,27,0,0,0,0,0,0,3290648
5119,2011/11/1,33,0,33,0,1,0,0,0,0,3290648
5119,2011/12/1,67,0,67,0,3,0,0,0,0,3290648
5119,2012/1/1,34,1,33,3,3,0,0,1,0,3298807
5119,2012/2/1,26,0,26,2,1,1,0,0,0,3298807
5119,2012/3/1,128,0,128,15,4,6,0,0,0,3298807
5119,2012/4/1,216,1,215,14,7,7,0,0,0,3298807
5119,2012/5/1,216,0,216,10,5,7,0,0,0,3298807
5119,2012/6/1,208,2,206,7,0,3,0,0,0,3298807
5119,2012/7/1,87,0,87,2,4,1,0,0,0,3298807
5119,2012/8/1,31,0,31,0,0,0,0,0,0,3298807
5119,2012/9/1,39,0,39,4,0,0,0,0,0,3298807
5119,2012/10/1,103,1,102,3,0,3,0,0,1,3298807
5119,2012/11/1,153,0,153,0,2,5,0,0,0,3298807
5119,2012/12/1,136,1,135,1,6,7,0,1,0,3298807
5119,2013/1/1,67,0,67,1,1,1,0,0,0,3308104
5119,2013/2/1,30,0,30,0,0,1,0,0,0,3308104
5119,2013/3/1,137,0,137,0,10,2,0,0,0,3308104
5119,2013/4/1,394,1,393,0,22,3,0,0,0,3308104
5119,2013/5/1,316,0,316,4,17,5,0,0,0,3308104
5119,2013/6/1,178,1,177,1,55,14,0,0,0,3308104
5119,2013/7/1,88,0,88,1,8,14,0,0,0,3308104
5119,2013/8/1,44,0,44,0,0,4,0,0,0,3308104
5119,2013/9/1,85,1,84,2,1,2,0,0,0,3308104
5119,2013/10/1,156,0,156,0,0,3,0,0,0,3308104
5119,2013/11/1,191,0,191,0,0,4,0,0,0,3308104
5119,2013/12/1,94,0,94,0,0,3,0,0,0,3308104
5119,2014/1/1,39,0,39,0,0,0,0,0,0,3318160
5119,2014/2/1,23,0,23,0,0,0,0,0,0,3318160
5119,2014/3/1,72,0,72,0,4,12,0,0,0,3318160
5119,2014/4/1,110,0,110,1,1,6,0,0,0,3318160
5119,2014/5/1,123,0,123,5,1,2,0,0,0,3318160
5119,2014/6/1,222,1,221,3,5,3,0,0,0,3318160
5119,2014/7/1,170,0,170,1,0,0,0,0,0,3318160
5119,2014/8/1,55,0,55,0,0,0,0,0,0,3318160
5119,2014/9/1,79,0,79,0,0,0,0,0,0,3318160
5119,2014/10/1,257,0,257,2,0,1,0,0,0,3318160
5119,2014/11/1,646,1,645,7,0,1,0,0,1,3318160
5119,2014/12/1,351,0,351,2,1,0,0,0,0,3318160
5119,2015/1/1,249,0,249,1,0,0,0,0,0,3328596
5119,2015/2/1,176,0,176,1,0,0,0,0,0,3328596
5119,2015/3/1,178,0,178,4,0,0,0,0,0,3328596
5119,2015/4/1,450,1,449,25,8,5,0,1,0,3328596
5119,2015/5/1,573,4,569,13,12,2,0,2,0,3328596
5119,2015/6/1,439,0,439,0,2,0,0,0,0,3328596
5119,2015/7/1,144,2,142,0,1,0,0,0,0,3328596
5119,2015/8/1,35,0,35,0,0,0,0,0,0,3328596
5119,2015/9/1,58,0,58,0,0,0,0,0,0,3328596
5119,2015/10/1,250,0,250,0,0,0,0,0,0,3328596
5119,2015/11/1,427,0,427,1,0,4,0,0,0,3328596
5119,2015/12/1,238,0,238,0,0,1,0,0,0,3328596
5120,2009/1/1,2,0,2,0,0,0,0,0,0,3755497
5120,2009/2/1,1,0,1,0,0,0,0,0,0,3755497
5120,2009/3/1,9,0,9,0,0,0,0,0,0,3755497
5120,2009/4/1,44,1,43,0,2,0,0,1,0,3755497
5120,2009/5/1,47,2,45,0,0,0,0,1,1,3755497
5120,2009/6/1,32,0,32,0,1,0,0,0,0,3755497
5120,2009/7/1,27,0,27,0,0,1,0,0,0,3755497
5120,2009/8/1,10,0,10,0,0,0,0,0,0,3755497
5120,2009/9/1,22,0,22,0,0,0,0,0,0,3755497
5120,2009/10/1,17,0,17,0,0,0,0,0,0,3755497
5120,2009/11/1,19,0,19,0,0,0,0,0,0,3755497
5120,2009/12/1,30,0,30,0,0,0,0,0,0,3755497
5120,2010/1/1,62,0,62,0,0,0,0,0,0,3665567
5120,2010/2/1,44,0,44,0,0,0,0,0,0,3665567
5120,2010/3/1,158,0,158,0,0,0,0,0,0,3665567
5120,2010/4/1,263,1,262,4,1,8,0,0,0,3665567
5120,2010/5/1,191,1,190,5,6,16,0,0,0,3665567
5120,2010/6/1,113,5,108,1,4,6,0,2,0,3665567
5120,2010/7/1,75,1,74,4,3,9,0,1,0,3665567
5120,2010/8/1,26,0,26,3,2,2,0,0,0,3665567
5120,2010/9/1,18,0,18,0,0,0,0,0,0,3665567
5120,2010/10/1,12,0,12,0,0,0,0,0,0,3665567
5120,2010/11/1,30,0,30,0,0,0,0,0,0,3665567
5120,2010/12/1,24,0,24,0,0,0,0,0,0,3665567
5120,2011/1/1,14,0,14,0,0,0,0,0,0,3606598
5120,2011/2/1,5,0,5,0,0,0,0,0,0,3606598
5120,2011/3/1,23,0,23,0,0,1,0,0,0,3606598
5120,2011/4/1,81,2,79,3,20,1,0,2,0,3606598
5120,2011/5/1,224,2,222,5,33,7,0,1,0,3606598
5120,2011/6/1,296,5,291,0,44,1,0,3,0,3606598
5120,2011/7/1,207,1,206,1,5,0,0,1,0,3606598
5120,2011/8/1,62,0,62,0,6,3,0,0,0,3606598
5120,2011/9/1,48,1,47,2,0,2,0,0,0,3606598
5120,2011/10/1,98,0,98,11,2,3,0,0,0,3606598
5120,2011/11/1,156,1,155,9,3,3,1,0,0,3606598
5120,2011/12/1,86,0,86,2,0,2,0,0,0,3606598
5120,2012/1/1,96,1,95,4,3,0,1,0,0,3573536
5120,2012/2/1,61,0,61,5,6,0,0,0,0,3573536
5120,2012/3/1,91,0,91,8,3,0,0,0,0,3573536
5120,2012/4/1,100,1,99,9,4,4,0,0,1,3573536
5120,2012/5/1,146,2,144,4,7,2,0,0,0,3573536
5120,2012/6/1,250,1,249,16,28,0,0,0,0,3573536
5120,2012/7/1,151,1,150,6,9,3,0,0,0,3573536
5120,2012/8/1,63,0,63,2,0,2,0,0,0,3573536
5120,2012/9/1,71,0,71,0,1,5,0,0,0,3573536
5120,2012/10/1,150,0,150,0,0,3,0,0,0,3573536
5120,2012/11/1,177,0,177,0,0,4,0,0,0,3573536
5120,2012/12/1,104,0,104,0,1,1,0,0,0,3573536
5120,2013/1/1,77,0,77,2,2,3,0,0,0,3560750
5120,2013/2/1,45,0,45,0,0,1,0,0,0,3560750
5120,2013/3/1,94,2,92,1,5,5,0,0,0,3560750
5120,2013/4/1,106,0,106,2,25,4,0,0,0,3560750
5120,2013/5/1,157,6,151,0,19,12,0,2,1,3560750
5120,2013/6/1,169,4,165,2,15,4,0,1,1,3560750
5120,2013/7/1,121,3,118,0,10,6,0,0,0,3560750
5120,2013/8/1,77,2,75,0,0,5,0,0,0,3560750
5120,2013/9/1,130,2,128,4,0,7,0,1,0,3560750
5120,2013/10/1,220,2,218,4,1,16,0,1,0,3560750
5120,2013/11/1,301,3,298,4,3,20,0,0,0,3560750
5120,2013/12/1,251,0,251,3,1,5,0,0,0,3560750
5120,2014/1/1,173,1,172,2,0,12,0,0,1,3561622
5120,2014/2/1,132,1,131,1,2,0,1,0,0,3561622
5120,2014/3/1,370,0,370,13,6,12,0,0,0,3561622
5120,2014/4/1,450,4,446,38,4,5,0,2,1,3561622
5120,2014/5/1,280,1,279,23,1,6,0,0,0,3561622
5120,2014/6/1,331,3,328,9,2,2,0,1,1,3561622
5120,2014/7/1,223,0,223,3,1,3,0,0,0,3561622
5120,2014/8/1,91,2,89,0,0,3,0,2,0,3561622
5120,2014/9/1,169,2,167,1,0,5,1,0,0,3561622
5120,2014/10/1,372,1,371,1,0,11,0,0,0,3561622
5120,2014/11/1,236,2,234,1,0,5,1,0,0,3561622
5120,2014/12/1,181,0,181,1,0,2,0,0,0,3561622
5120,2015/1/1,150,1,149,1,0,8,0,0,1,3569294
5120,2015/2/1,73,0,73,2,0,2,0,0,0,3569294
5120,2015/3/1,69,0,69,0,1,6,0,0,0,3569294
5120,2015/4/1,188,4,184,1,1,5,0,2,0,3569294
5120,2015/5/1,277,4,273,4,3,8,0,2,2,3569294
5120,2015/6/1,333,5,328,2,5,11,0,2,0,3569294
5120,2015/7/1,169,1,168,0,0,5,0,0,0,3569294
5120,2015/8/1,86,1,85,0,1,0,0,0,0,3569294
5120,2015/9/1,117,1,116,1,0,7,0,0,1,3569294
5120,2015/10/1,302,0,302,1,1,7,0,0,0,3569294
5120,2015/11/1,352,0,352,0,2,28,0,0,0,3569294
5120,2015/12/1,221,0,221,1,1,23,0,0,0,3569294
5132,2009/1/1,0,0,0,0,0,0,0,0,0,893238
5132,2009/2/1,1,0,1,0,0,0,0,0,0,893238
5132,2009/3/1,16,0,16,0,0,0,0,0,0,893238
5132,2009/4/1,41,0,41,0,1,0,0,0,0,893238
5132,2009/5/1,33,0,33,0,0,0,0,0,0,893238
5132,2009/6/1,40,0,40,0,0,0,0,0,0,893238
5132,2009/7/1,9,0,9,0,0,0,0,0,0,893238
5132,2009/8/1,3,0,3,0,0,0,0,0,0,893238
5132,2009/9/1,3,0,3,0,0,0,0,0,0,893238
5132,2009/10/1,3,0,3,0,0,0,0,0,0,893238
5132,2009/11/1,3,0,3,0,0,0,0,0,0,893238
5132,2009/12/1,2,0,2,0,0,0,0,0,0,893238
5132,2010/1/1,6,0,6,0,0,0,0,0,0,898998
5132,2010/2/1,3,0,3,0,0,0,0,0,0,898998
5132,2010/3/1,17,0,17,0,0,0,0,0,0,898998
5132,2010/4/1,37,0,37,0,0,0,0,0,0,898998
5132,2010/5/1,51,0,51,0,0,0,0,0,0,898998
5132,2010/6/1,45,0,45,0,0,0,0,0,0,898998
5132,2010/7/1,21,0,21,0,0,0,0,0,0,898998
5132,2010/8/1,5,0,5,0,0,0,0,0,0,898998
5132,2010/9/1,5,0,5,0,0,0,0,0,0,898998
5132,2010/10/1,14,0,14,0,0,0,0,0,0,898998
5132,2010/11/1,5,0,5,0,0,0,0,0,0,898998
5132,2010/12/1,8,0,8,0,0,0,0,0,0,898998
5132,2011/1/1,0,0,0,0,0,0,0,0,0,904961
5132,2011/2/1,0,0,0,0,0,0,0,0,0,904961
5132,2011/3/1,1,0,1,0,0,0,0,0,0,904961
5132,2011/4/1,8,0,8,0,8,0,0,0,0,904961
5132,2011/5/1,7,0,7,0,6,1,0,0,0,904961
5132,2011/6/1,2,0,2,0,0,2,0,0,0,904961
5132,2011/7/1,1,1,0,0,0,0,0,1,0,904961
5132,2011/8/1,0,0,0,0,0,0,0,0,0,904961
5132,2011/9/1,4,0,4,0,4,0,0,0,0,904961
5132,2011/10/1,6,0,6,0,6,0,0,0,0,904961
5132,2011/11/1,11,0,11,3,8,0,0,0,0,904961
5132,2011/12/1,19,0,19,0,7,2,0,0,0,904961
5132,2012/1/1,1,0,1,0,0,0,0,0,0,911095
5132,2012/2/1,3,0,3,0,0,2,0,0,0,911095
5132,2012/3/1,0,0,0,0,0,0,0,0,0,911095
5132,2012/4/1,21,0,21,6,6,5,0,0,0,911095
5132,2012/5/1,150,1,149,50,3,15,1,0,0,911095
5132,2012/6/1,280,3,277,25,0,17,0,1,0,911095
5132,2012/7/1,117,0,117,1,1,1,0,0,0,911095
5132,2012/8/1,18,0,18,0,0,0,0,0,0,911095
5132,2012/9/1,16,0,16,0,0,0,0,0,0,911095
5132,2012/10/1,8,0,8,0,0,0,0,0,0,911095
5132,2012/11/1,7,0,7,0,0,0,0,0,0,911095
5132,2012/12/1,1,0,1,0,0,0,0,0,0,911095
5132,2013/1/1,1,0,1,0,0,0,0,0,0,917358
5132,2013/2/1,0,0,0,0,0,0,0,0,0,917358
5132,2013/3/1,1,0,1,0,0,0,0,0,0,917358
5132,2013/4/1,14,0,14,1,7,2,0,0,0,917358
5132,2013/5/1,12,1,11,1,1,2,0,0,0,917358
5132,2013/6/1,25,1,24,2,6,8,0,1,0,917358
5132,2013/7/1,6,0,6,0,0,2,0,0,0,917358
5132,2013/8/1,4,1,3,0,0,0,0,1,0,917358
5132,2013/9/1,9,0,9,1,2,2,0,0,0,917358
5132,2013/10/1,12,0,12,0,2,1,0,0,0,917358
5132,2013/11/1,14,0,14,0,3,0,0,0,0,917358
5132,2013/12/1,11,0,11,0,0,0,0,0,0,917358
5132,2014/1/1,3,0,3,0,1,0,0,0,0,923707
5132,2014/2/1,3,0,3,0,0,0,0,0,0,923707
5132,2014/3/1,11,0,11,0,2,2,0,0,0,923707
5132,2014/4/1,32,0,32,7,4,1,0,0,0,923707
5132,2014/5/1,37,0,37,8,1,10,0,0,0,923707
5132,2014/6/1,36,1,35,5,3,10,0,0,0,923707
5132,2014/7/1,15,0,15,0,3,5,0,0,0,923707
5132,2014/8/1,7,0,7,0,0,0,0,0,0,923707
5132,2014/9/1,4,0,4,0,0,1,0,0,0,923707
5132,2014/10/1,12,0,12,0,0,0,0,0,0,923707
5132,2014/11/1,13,0,13,2,1,0,0,0,0,923707
5132,2014/12/1,11,0,11,1,0,0,0,0,0,923707
5132,2015/1/1,5,0,5,0,0,4,0,0,0,930099
5132,2015/2/1,7,0,7,0,0,0,0,0,0,930099
5132,2015/3/1,19,0,19,3,0,3,0,0,0,930099
5132,2015/4/1,27,1,26,12,1,3,0,1,0,930099
5132,2015/5/1,67,3,64,17,4,10,0,1,1,930099
5132,2015/6/1,36,0,36,9,2,4,0,0,0,930099
5132,2015/7/1,15,0,15,6,0,1,0,0,0,930099
5132,2015/8/1,2,0,2,2,0,0,0,0,0,930099
5132,2015/9/1,4,0,4,2,0,0,0,0,0,930099
5132,2015/10/1,17,0,17,3,0,10,0,0,0,930099
5132,2015/11/1,10,0,10,1,0,1,0,0,0,930099
5132,2015/12/1,18,0,18,1,0,0,0,0,0,930099
5133,2009/1/1,0,0,0,0,0,0,0,0,0,1060046
5133,2009/2/1,1,0,1,0,0,0,0,0,0,1060046
5133,2009/3/1,0,0,0,0,0,0,0,0,0,1060046
5133,2009/4/1,1,0,1,0,0,0,0,0,0,1060046
5133,2009/5/1,0,0,0,0,0,0,0,0,0,1060046
5133,2009/6/1,2,0,2,0,0,0,0,0,0,1060046
5133,2009/7/1,1,0,1,0,0,0,0,0,0,1060046
5133,2009/8/1,1,0,1,0,0,0,0,0,0,1060046
5133,2009/9/1,0,0,0,0,0,0,0,0,0,1060046
5133,2009/10/1,1,0,1,0,0,0,0,0,0,1060046
5133,2009/11/1,0,0,0,0,0,0,0,0,0,1060046
5133,2009/12/1,1,0,1,0,0,0,0,0,0,1060046
5133,2010/1/1,0,0,0,0,0,0,0,0,0,1091912
5133,2010/2/1,1,0,1,0,0,0,0,0,0,1091912
5133,2010/3/1,0,0,0,0,0,0,0,0,0,1091912
5133,2010/4/1,13,0,13,0,3,0,0,0,0,1091912
5133,2010/5/1,152,0,152,3,11,14,0,0,0,1091912
5133,2010/6/1,215,0,215,0,8,7,0,0,0,1091912
5133,2010/7/1,96,1,95,0,6,6,0,0,1,1091912
5133,2010/8/1,15,0,15,0,0,0,0,0,0,1091912
5133,2010/9/1,12,0,12,0,0,2,0,0,0,1091912
5133,2010/10/1,1,0,1,0,0,0,0,0,0,1091912
5133,2010/11/1,35,0,35,0,0,0,0,0,0,1091912
5133,2010/12/1,40,0,40,0,0,0,0,0,0,1091912
5133,2011/1/1,1,0,1,0,0,0,0,0,0,1116427
5133,2011/2/1,0,0,0,0,0,0,0,0,0,1116427
5133,2011/3/1,2,0,2,0,0,0,0,0,0,1116427
5133,2011/4/1,4,0,4,0,0,1,0,0,0,1116427
5133,2011/5/1,17,0,17,3,0,1,0,0,0,1116427
5133,2011/6/1,22,1,21,5,0,0,0,1,0,1116427
5133,2011/7/1,18,0,18,1,0,0,0,0,0,1116427
5133,2011/8/1,3,0,3,0,0,0,0,0,0,1116427
5133,2011/9/1,2,0,2,0,1,0,0,0,0,1116427
5133,2011/10/1,1,0,1,0,0,0,0,0,0,1116427
5133,2011/11/1,16,0,16,0,0,0,0,0,0,1116427
5133,2011/12/1,14,0,14,0,0,0,0,0,0,1116427
5133,2012/1/1,7,0,7,0,0,0,0,0,0,1134332
5133,2012/2/1,1,0,1,0,0,0,0,0,0,1134332
5133,2012/3/1,2,0,2,0,0,0,0,0,0,1134332
5133,2012/4/1,0,0,0,0,0,0,0,0,0,1134332
5133,2012/5/1,41,0,41,7,0,0,0,0,0,1134332
5133,2012/6/1,28,0,28,0,0,0,0,0,0,1134332
5133,2012/7/1,29,0,29,0,1,0,0,0,0,1134332
5133,2012/8/1,12,0,12,0,0,0,0,0,0,1134332
5133,2012/9/1,36,0,36,0,2,0,0,0,0,1134332
5133,2012/10/1,10,0,10,0,0,0,0,0,0,1134332
5133,2012/11/1,17,0,17,0,0,0,0,0,0,1134332
5133,2012/12/1,7,0,7,0,0,0,0,0,0,1134332
5133,2013/1/1,1,0,1,0,0,0,0,0,0,1147277
5133,2013/2/1,2,0,2,0,0,0,0,0,0,1147277
5133,2013/3/1,4,0,4,0,0,0,0,0,0,1147277
5133,2013/4/1,11,0,11,0,2,0,0,0,0,1147277
5133,2013/5/1,8,0,8,0,0,0,0,0,0,1147277
5133,2013/6/1,27,0,27,0,0,0,0,0,0,1147277
5133,2013/7/1,8,0,8,0,0,0,0,0,0,1147277
5133,2013/8/1,9,0,9,0,0,0,0,0,0,1147277
5133,2013/9/1,9,1,8,0,0,0,1,0,0,1147277
5133,2013/10/1,15,0,15,0,1,0,0,0,0,1147277
5133,2013/11/1,63,0,63,3,2,1,0,0,0,1147277
5133,2013/12/1,23,0,23,0,0,0,0,0,0,1147277
5133,2014/1/1,12,0,12,0,0,0,0,0,0,1156915
5133,2014/2/1,8,0,8,0,0,0,0,0,0,1156915
5133,2014/3/1,8,0,8,0,0,0,0,0,0,1156915
5133,2014/4/1,30,0,30,0,0,0,0,0,0,1156915
5133,2014/5/1,144,1,143,0,11,0,0,1,0,1156915
5133,2014/6/1,199,3,196,0,7,0,0,2,0,1156915
5133,2014/7/1,63,1,62,0,3,0,0,0,0,1156915
5133,2014/8/1,24,0,24,0,0,0,0,0,0,1156915
5133,2014/9/1,28,0,28,0,0,1,0,0,0,1156915
5133,2014/10/1,20,0,20,0,0,0,0,0,0,1156915
5133,2014/11/1,23,0,23,1,0,0,0,0,0,1156915
5133,2014/12/1,11,0,11,1,0,1,0,0,0,1156915
5133,2015/1/1,9,0,9,0,1,0,0,0,0,1164899
5133,2015/2/1,9,0,9,0,0,2,0,0,0,1164899
5133,2015/3/1,10,0,10,0,0,0,0,0,0,1164899
5133,2015/4/1,26,0,26,0,0,0,0,0,0,1164899
5133,2015/5/1,109,0,109,0,0,0,0,0,0,1164899
5133,2015/6/1,67,0,67,3,0,0,0,0,0,1164899
5133,2015/7/1,21,0,21,0,0,0,0,0,0,1164899
5133,2015/8/1,9,0,9,0,0,0,0,0,0,1164899
5133,2015/9/1,5,0,5,0,0,0,0,0,0,1164899
5133,2015/10/1,27,0,27,0,0,1,0,0,0,1164899
5133,2015/11/1,44,0,44,0,0,1,0,0,0,1164899
5133,2015/12/1,30,0,30,0,0,0,0,0,0,1164899
5134,2009/1/1,33,0,33,0,0,0,0,0,0,4496810
5134,2009/2/1,18,0,18,0,0,0,0,0,0,4496810
5134,2009/3/1,33,0,33,0,0,0,0,0,0,4496810
5134,2009/4/1,51,0,51,0,0,0,0,0,0,4496810
5134,2009/5/1,44,0,44,0,1,0,0,0,0,4496810
5134,2009/6/1,47,0,47,0,0,0,0,0,0,4496810
5134,2009/7/1,38,0,38,0,0,0,0,0,0,4496810
5134,2009/8/1,10,0,10,0,0,0,0,0,0,4496810
5134,2009/9/1,16,0,16,0,0,0,0,0,0,4496810
5134,2009/10/1,22,0,22,0,0,1,0,0,0,4496810
5134,2009/11/1,21,0,21,0,0,0,0,0,0,4496810
5134,2009/12/1,18,0,18,0,0,2,0,0,0,4496810
5134,2010/1/1,23,0,23,0,0,0,0,0,0,4532986
5134,2010/2/1,17,0,17,0,0,0,0,0,0,4532986
5134,2010/3/1,22,0,22,0,0,0,0,0,0,4532986
5134,2010/4/1,65,0,65,0,0,0,0,0,0,4532986
5134,2010/5/1,120,0,120,1,0,0,0,0,0,4532986
5134,2010/6/1,85,0,85,2,1,0,0,0,0,4532986
5134,2010/7/1,89,0,89,2,0,0,0,0,0,4532986
5134,2010/8/1,44,0,44,0,0,0,0,0,0,4532986
5134,2010/9/1,36,0,36,0,0,0,0,0,0,4532986
5134,2010/10/1,55,0,55,0,0,0,0,0,0,4532986
5134,2010/11/1,75,0,75,0,0,0,0,0,0,4532986
5134,2010/12/1,102,0,102,0,0,0,0,0,0,4532986
5134,2011/1/1,61,0,61,0,0,0,0,0,0,4566170
5134,2011/2/1,15,0,15,0,0,0,0,0,0,4566170
5134,2011/3/1,27,0,27,0,0,0,0,0,0,4566170
5134,2011/4/1,36,0,36,0,0,0,0,0,0,4566170
5134,2011/5/1,69,0,69,0,0,0,0,0,0,4566170
5134,2011/6/1,68,0,68,0,0,0,0,0,0,4566170
5134,2011/7/1,41,1,40,0,0,0,0,1,0,4566170
5134,2011/8/1,17,0,17,0,0,0,0,0,0,4566170
5134,2011/9/1,19,0,19,0,0,0,0,0,0,4566170
5134,2011/10/1,21,0,21,0,0,0,0,0,0,4566170
5134,2011/11/1,61,1,60,0,0,0,0,0,0,4566170
5134,2011/12/1,112,0,112,0,1,0,0,0,0,4566170
5134,2012/1/1,87,0,87,0,0,0,0,0,0,4596834
5134,2012/2/1,44,0,44,0,0,0,0,0,0,4596834
5134,2012/3/1,56,0,56,0,0,0,0,0,0,4596834
5134,2012/4/1,78,0,78,0,0,1,0,0,0,4596834
5134,2012/5/1,150,1,149,0,1,1,0,0,0,4596834
5134,2012/6/1,183,0,183,0,0,0,0,0,0,4596834
5134,2012/7/1,147,0,147,0,0,0,0,0,0,4596834
5134,2012/8/1,58,0,58,0,0,0,0,0,0,4596834
5134,2012/9/1,33,1,32,0,0,0,0,0,0,4596834
5134,2012/10/1,39,0,39,0,0,0,0,0,0,4596834
5134,2012/11/1,65,0,65,0,0,0,0,0,0,4596834
5134,2012/12/1,73,1,72,0,0,0,0,0,0,4596834
5134,2013/1/1,87,0,87,0,0,0,0,0,0,4625607
5134,2013/2/1,50,0,50,0,0,0,0,0,0,4625607
5134,2013/3/1,62,0,62,0,1,0,0,0,0,4625607
5134,2013/4/1,67,1,66,0,0,0,0,0,0,4625607
5134,2013/5/1,33,0,33,0,0,0,0,0,0,4625607
5134,2013/6/1,41,0,41,0,0,0,0,0,0,4625607
5134,2013/7/1,50,0,50,0,0,1,0,0,0,4625607
5134,2013/8/1,30,0,30,0,0,1,0,0,0,4625607
5134,2013/9/1,29,1,28,0,0,0,0,1,0,4625607
5134,2013/10/1,89,1,88,1,0,2,0,0,1,4625607
5134,2013/11/1,182,2,180,0,1,0,0,0,0,4625607
5134,2013/12/1,290,0,290,0,0,0,0,0,0,4625607
5134,2014/1/1,305,1,304,1,2,0,0,1,0,4653119
5134,2014/2/1,126,0,126,0,1,1,0,0,0,4653119
5134,2014/3/1,185,1,184,0,0,1,0,0,0,4653119
5134,2014/4/1,710,35,675,0,23,4,0,9,4,4653119
5134,2014/5/1,1671,69,1602,1,8,14,1,10,4,4653119
5134,2014/6/1,784,27,757,1,3,1,0,6,2,4653119
5134,2014/7/1,459,6,453,0,0,0,0,0,1,4653119
5134,2014/8/1,141,1,140,0,0,0,0,0,0,4653119
5134,2014/9/1,103,3,100,0,0,0,0,0,0,4653119
5134,2014/10/1,158,1,157,0,0,0,0,0,0,4653119
5134,2014/11/1,197,0,197,0,0,0,0,0,0,4653119
5134,2014/12/1,231,0,231,0,0,0,0,0,0,4653119
5134,2015/1/1,319,0,319,0,0,1,0,0,0,4680001
5134,2015/2/1,229,0,229,3,1,3,0,0,0,4680001
5134,2015/3/1,295,3,292,6,0,2,0,1,0,4680001
5134,2015/4/1,818,2,816,16,1,4,0,1,0,4680001
5134,2015/5/1,968,1,967,45,1,20,0,0,0,4680001
5134,2015/6/1,627,0,627,14,0,1,0,0,0,4680001
5134,2015/7/1,346,0,346,1,0,0,0,0,0,4680001
5134,2015/8/1,83,0,83,0,0,0,0,0,0,4680001
5134,2015/9/1,70,1,69,0,0,0,0,0,0,4680001
5134,2015/10/1,71,0,71,0,0,0,0,0,0,4680001
5134,2015/11/1,90,0,90,0,0,0,0,0,0,4680001
5134,2015/12/1,110,0,110,0,0,0,0,0,0,4680001
